0, -0.65, 0, 1.8, 0, 0.42, 0
2.05572e-05, -0.661739, -0.00272975, 1.82162, 0.00446923, 0.443273, 0.00494704
-0.00344907, -0.707949, -4.70184e-05, 1.84634, -0.00672723, 0.479537, -0.00596363
-0.00575244, -0.689066, 0.00352021, 1.84195, -0.0167714, 0.469228, -0.0161241
-0.00469206, -0.665218, -0.01189, 1.832, 0.00770418, 0.453109, 0.0103171
-0.00469206, -0.665218, -0.01189, 1.832, 0.00770418, 0.453109, 0.0103171
-0.00469206, -0.665218, -0.01189, 1.832, 0.00770418, 0.453109, 0.0103171
-0.00599109, -0.669439, -0.0114114, 1.8334, 0.00431137, 0.455617, 0.00710516
-0.0114406, -0.702153, -0.0191299, 1.84676, 0.00591881, 0.477359, 0.0110583
-0.0157066, -0.71048, -0.012449, 1.84763, -0.0123914, 0.481027, -0.00743112
-0.0157066, -0.71048, -0.012449, 1.84763, -0.0123914, 0.481027, -0.00743112
-0.0217775, -0.694855, -0.0105836, 1.84254, -0.028237, 0.471485, -0.0224346
-0.0187699, -0.687928, -0.0234522, 1.84104, -0.0033043, 0.467859, 0.00386606
-0.0187699, -0.687928, -0.0234522, 1.84104, -0.0033043, 0.467859, 0.00386606
-0.0271003, -0.677874, -0.0191601, 1.83691, -0.0277484, 0.461339, -0.0197035
-0.0275863, -0.687601, -0.0233821, 1.83968, -0.0220067, 0.466834, -0.0133059
-0.0286351, -0.669853, -0.0250154, 1.83455, -0.0226878, 0.456573, -0.0135044
-0.0286351, -0.669853, -0.0250154, 1.83455, -0.0226878, 0.456573, -0.0135044
-0.0304215, -0.650549, -0.0321425, 1.82729, -0.0168506, 0.444249, -0.0063236
-0.031468, -0.672753, -0.0324182, 1.83543, -0.0173683, 0.457896, -0.00668808
-0.0356811, -0.649544, -0.0357446, 1.8275, -0.0229684, 0.443863, -0.0110627
-0.0353172, -0.669474, -0.0380111, 1.8346, -0.0174414, 0.45589, -0.00541355
-0.0372927, -0.690286, -0.0360608, 1.8423, -0.0233245, 0.469058, -0.0113362
-0.038396, -0.690246, -0.0446153, 1.84064, -0.0130548, 0.467598, 0.00039116
-0.038396, -0.690246, -0.0446153, 1.84064, -0.0130548, 0.467598, 0.00039116
-0.038396, -0.690246, -0.0446153, 1.84064, -0.0130548, 0.467598, 0.00039116
-0.038396, -0.690246, -0.0446153, 1.84064, -0.0130548, 0.467598, 0.00039116
-0.0425985, -0.680021, -0.0496191, 1.83697, -0.0155204, 0.461155, -0.000599889
-0.0485392, -0.676035, -0.049932, 1.83657, -0.0279652, 0.459728, -0.0119284
-0.0485392, -0.676035, -0.049932, 1.83657, -0.0279652, 0.459728, -0.0119284
-0.0485392, -0.676035, -0.049932, 1.83657, -0.0279652, 0.459728, -0.0119284
-0.0485392, -0.676035, -0.049932, 1.83657, -0.0279652, 0.459728, -0.0119284
-0.0485392, -0.676035, -0.049932, 1.83657, -0.0279652, 0.459728, -0.0119284
-0.0549897, -0.683511, -0.0639234, 1.83768, -0.0197199, 0.463046, -0.000502004
-0.0595492, -0.653407, -0.0617346, 1.82753, -0.035819, 0.444832, -0.0159181
-0.0595492, -0.653407, -0.0617346, 1.82753, -0.035819, 0.444832, -0.0159181
-0.0593204, -0.640292, -0.0704509, 1.82388, -0.0232132, 0.437476, -0.0020588
-0.0628799, -0.669111, -0.0703891, 1.83324, -0.0279147, 0.453896, -0.00638778
-0.0628799, -0.669111, -0.0703891, 1.83324, -0.0279147, 0.453896, -0.00638778
-0.0628799, -0.669111, -0.0703891, 1.83324, -0.0279147, 0.453896, -0.00638778
-0.0685448, -0.649241, -0.0716837, 1.82592, -0.0405843, 0.441814, -0.0177837
-0.0685448, -0.649241, -0.0716837, 1.82592, -0.0405843, 0.441814, -0.0177837
-0.0685448, -0.649241, -0.0716837, 1.82592, -0.0405843, 0.441814, -0.0177837
-0.0685448, -0.649241, -0.0716837, 1.82592, -0.0405843, 0.441814, -0.0177837
-0.0685448, -0.649241, -0.0716837, 1.82592, -0.0405843, 0.441814, -0.0177837
-0.0720197, -0.637933, -0.0809542, 1.82231, -0.0353858, 0.435218, -0.010727
-0.0757891, -0.642919, -0.0917134, 1.82244, -0.0258456, 0.43673, 0.000862197
-0.0757891, -0.642919, -0.0917134, 1.82244, -0.0258456, 0.43673, 0.000862197
-0.0757891, -0.642919, -0.0917134, 1.82244, -0.0258456, 0.43673, 0.000862197
-0.0757891, -0.642919, -0.0917134, 1.82244, -0.0258456, 0.43673, 0.000862197
-0.0757891, -0.642919, -0.0917134, 1.82244, -0.0258456, 0.43673, 0.000862197
-0.0757891, -0.642919, -0.0917134, 1.82244, -0.0258456, 0.43673, 0.000862197
-0.0757891, -0.642919, -0.0917134, 1.82244, -0.0258456, 0.43673, 0.000862197
-0.0818244, -0.631551, -0.0969999, 1.81731, -0.0328299, 0.42943, -0.0044482
-0.0818244, -0.631551, -0.0969999, 1.81731, -0.0328299, 0.42943, -0.0044482
-0.0884724, -0.644692, -0.0972018, 1.82233, -0.0446368, 0.437866, -0.0151617
-0.0884724, -0.644692, -0.0972018, 1.82233, -0.0446368, 0.437866, -0.0151617
-0.0884724, -0.644692, -0.0972018, 1.82233, -0.0446368, 0.437866, -0.0151617
-0.0987399, -0.640785, -0.0982797, 1.8211, -0.0659222, 0.436506, -0.034589
-0.103028, -0.656427, -0.101089, 1.82606, -0.0681106, 0.445471, -0.0358851
-0.104162, -0.665658, -0.105674, 1.82877, -0.0619539, 0.450542, -0.0290481
-0.100894, -0.611753, -0.114871, 1.80816, -0.0503145, 0.416411, -0.0156198
-0.104022, -0.62308, -0.117256, 1.81383, -0.0512856, 0.424404, -0.0159602
-0.104022, -0.62308, -0.117256, 1.81383, -0.0512856, 0.424404, -0.0159602
-0.104022, -0.62308, -0.117256, 1.81383, -0.0512856, 0.424404, -0.0159602
-0.104022, -0.62308, -0.117256, 1.81383, -0.0512856, 0.424404, -0.0159602
-0.104022, -0.62308, -0.117256, 1.81383, -0.0512856, 0.424404, -0.0159602
-0.104068, -0.622816, -0.117426, 1.81372, -0.0511703, 0.42424, -0.0158139
-0.111288, -0.594472, -0.12585, 1.80137, -0.0597708, 0.406501, -0.0220211
-0.113719, -0.594001, -0.130337, 1.80099, -0.0578264, 0.406109, -0.0191419
-0.116072, -0.591594, -0.13464, 1.79968, -0.0564119, 0.404437, -0.0167987
-0.116072, -0.591594, -0.13464, 1.79968, -0.0564119, 0.404437, -0.0167987
-0.119616, -0.598369, -0.13209, 1.80201, -0.0674385, 0.408556, -0.0277382
-0.119616, -0.598369, -0.13209, 1.80201, -0.0674385, 0.408556, -0.0277382
-0.119616, -0.598369, -0.13209, 1.80201, -0.0674385, 0.408556, -0.0277382
-0.119616, -0.598369, -0.13209, 1.80201, -0.0674385, 0.408556, -0.0277382
-0.119616, -0.598369, -0.13209, 1.80201, -0.0674385, 0.408556, -0.0277382
-0.119616, -0.598369, -0.13209, 1.80201, -0.0674385, 0.408556, -0.0277382
-0.119616, -0.598369, -0.13209, 1.80201, -0.0674385, 0.408556, -0.0277382
-0.119616, -0.598369, -0.13209, 1.80201, -0.0674385, 0.408556, -0.0277382
-0.119616, -0.598369, -0.13209, 1.80201, -0.0674385, 0.408556, -0.0277382
-0.119616, -0.598369, -0.13209, 1.80201, -0.0674385, 0.408556, -0.0277382
-0.119616, -0.598369, -0.13209, 1.80201, -0.0674385, 0.408556, -0.0277382
-0.119616, -0.598369, -0.13209, 1.80201, -0.0674385, 0.408556, -0.0277382
-0.119616, -0.598369, -0.13209, 1.80201, -0.0674385, 0.408556, -0.0277382
-0.124176, -0.571378, -0.145348, 1.79024, -0.0640614, 0.391569, -0.0223279
-0.124176, -0.571378, -0.145348, 1.79024, -0.0640614, 0.391569, -0.0223279
-0.130174, -0.568767, -0.149963, 1.78901, -0.0706649, 0.390373, -0.0275372
-0.130174, -0.568767, -0.149963, 1.78901, -0.0706649, 0.390373, -0.0275372
-0.14145, -0.5475, -0.174371, 1.77802, -0.06066, 0.376104, -0.0130422
-0.144199, -0.548193, -0.175076, 1.77974, -0.0657241, 0.377882, -0.0177001
-0.146605, -0.541164, -0.17475, 1.77611, -0.0738172, 0.373603, -0.0253906
-0.146392, -0.526059, -0.179674, 1.76864, -0.0681842, 0.363889, -0.0189279
-0.148963, -0.52577, -0.180062, 1.7703, -0.0737781, 0.365371, -0.0241857
-0.152491, -0.562411, -0.176288, 1.78527, -0.0803857, 0.385995, -0.0314942
-0.149392, -0.519988, -0.188373, 1.7669, -0.0630566, 0.35995, -0.0122668
-0.151922, -0.523676, -0.189107, 1.76757, -0.0669106, 0.361562, -0.0157767
-0.155017, -0.541284, -0.188992, 1.77485, -0.0699948, 0.371728, -0.0187877
-0.155017, -0.541284, -0.188992, 1.77485, -0.0699948, 0.371728, -0.0187877
-0.159208, -0.54865, -0.186699, 1.77915, -0.0821489, 0.377503, -0.0308371
-0.15699, -0.539326, -0.193498, 1.77503, -0.0671406, 0.371341, -0.0150867
-0.15699, -0.539326, -0.193498, 1.77503, -0.0671406, 0.371341, -0.0150867
-0.158137, -0.535166, -0.190571, 1.77276, -0.0763451, 0.368888, -0.0244029
-0.158156, -0.524352, -0.192725, 1.76831, -0.075287, 0.362713, -0.0228678
-0.158156, -0.524352, -0.192725, 1.76831, -0.075287, 0.362713, -0.0228678
-0.158156, -0.524352, -0.192725, 1.76831, -0.075287, 0.362713, -0.0228678
-0.158156, -0.524352, -0.192725, 1.76831, -0.075287, 0.362713, -0.0228678
-0.165961, -0.539904, -0.174726, 1.77572, -0.124042, 0.373978, -0.0730982
-0.164625, -0.521352, -0.178036, 1.76536, -0.119735, 0.361303, -0.0680308
-0.167498, -0.524641, -0.170065, 1.76878, -0.140971, 0.365362, -0.0899924
-0.166005, -0.511434, -0.175789, 1.76181, -0.130094, 0.356572, -0.0782715
-0.167303, -0.512747, -0.174973, 1.76373, -0.13451, 0.358539, -0.0826979
-0.164773, -0.500303, -0.178279, 1.75809, -0.125093, 0.350983, -0.0728787
-0.165299, -0.52801, -0.173894, 1.76987, -0.127988, 0.366352, -0.0768702
-0.165299, -0.52801, -0.173894, 1.76987, -0.127988, 0.366352, -0.0768702
-0.170247, -0.54719, -0.164261, 1.77969, -0.152992, 0.379518, -0.102927
-0.170668, -0.503605, -0.166157, 1.75929, -0.162056, 0.353322, -0.110407
-0.168993, -0.514445, -0.166803, 1.76479, -0.153787, 0.359824, -0.10259
-0.173212, -0.55164, -0.157488, 1.7818, -0.17231, 0.382242, -0.122649
-0.173309, -0.51635, -0.158123, 1.76497, -0.180753, 0.360631, -0.129862
-0.170203, -0.504089, -0.164015, 1.75951, -0.164838, 0.353143, -0.113245
-0.170203, -0.504089, -0.164015, 1.75951, -0.164838, 0.353143, -0.113245
-0.170203, -0.504089, -0.164015, 1.75951, -0.164838, 0.353143, -0.113245
-0.170203, -0.504089, -0.164015, 1.75951, -0.164838, 0.353143, -0.113245
-0.170203, -0.504089, -0.164015, 1.75951, -0.164838, 0.353143, -0.113245
-0.175092, -0.492713, -0.154662, 1.75512, -0.198398, 0.347992, -0.147013
-0.175092, -0.492713, -0.154662, 1.75512, -0.198398, 0.347992, -0.147013
-0.175092, -0.492713, -0.154662, 1.75512, -0.198398, 0.347992, -0.147013
-0.175092, -0.492713, -0.154662, 1.75512, -0.198398, 0.347992, -0.147013
-0.175092, -0.492713, -0.154662, 1.75512, -0.198398, 0.347992, -0.147013
-0.176279, -0.498126, -0.151121, 1.75788, -0.207147, 0.351456, -0.15619
-0.176279, -0.498126, -0.151121, 1.75788, -0.207147, 0.351456, -0.15619
-0.18044, -0.512984, -0.139308, 1.76536, -0.237348, 0.361001, -0.187711
-0.179293, -0.524764, -0.139758, 1.77107, -0.230615, 0.36788, -0.181495
-0.179791, -0.510399, -0.143152, 1.76384, -0.229227, 0.359079, -0.179139
-0.181427, -0.501327, -0.136645, 1.75949, -0.248195, 0.353835, -0.198301
-0.185564, -0.534814, -0.124904, 1.77813, -0.273135, 0.376227, -0.225422
-0.18292, -0.515436, -0.130301, 1.76903, -0.261574, 0.364541, -0.212753
-0.181737, -0.511743, -0.13405, 1.76633, -0.252404, 0.361601, -0.203117
-0.182075, -0.517184, -0.131659, 1.77048, -0.256402, 0.366012, -0.207628
-0.186642, -0.514914, -0.123508, 1.7688, -0.28397, 0.364656, -0.235413
-0.18727, -0.485685, -0.129094, 1.7568, -0.28213, 0.348953, -0.231803
-0.183487, -0.472185, -0.134483, 1.74947, -0.264612, 0.340277, -0.213549
-0.184943, -0.484912, -0.131551, 1.75373, -0.271469, 0.346196, -0.220875
-0.187465, -0.511614, -0.123565, 1.76873, -0.287346, 0.36346, -0.238399
-0.187465, -0.511614, -0.123565, 1.76873, -0.287346, 0.36346, -0.238399
-0.190955, -0.530686, -0.110318, 1.77831, -0.316928, 0.374972, -0.269811
-0.187485, -0.485531, -0.123686, 1.75698, -0.294782, 0.348254, -0.244523
-0.188171, -0.522948, -0.117198, 1.77513, -0.300537, 0.369866, -0.252393
-0.190607, -0.476992, -0.118447, 1.75356, -0.315811, 0.343227, -0.265245
-0.191995, -0.489099, -0.116188, 1.75885, -0.321114, 0.349823, -0.271062
-0.191258, -0.473029, -0.122983, 1.75053, -0.309506, 0.340362, -0.258122
-0.190335, -0.522574, -0.114866, 1.77499, -0.311728, 0.368241, -0.263268
-0.192415, -0.480882, -0.110605, 1.75802, -0.335032, 0.345813, -0.285022
-0.192867, -0.496281, -0.111591, 1.76379, -0.330373, 0.353533, -0.280729
-0.192784, -0.510388, -0.10777, 1.77122, -0.334262, 0.361932, -0.285688
-0.194634, -0.49645, -0.104414, 1.7653, -0.348862, 0.35445, -0.29984
-0.196927, -0.545857, -0.0944747, 1.79161, -0.361543, 0.385247, -0.3156
-0.197665, -0.492329, -0.103619, 1.76479, -0.360421, 0.353274, -0.31056
-0.195032, -0.535844, -0.0982492, 1.78351, -0.354026, 0.375503, -0.30687
-0.195559, -0.491092, -0.105153, 1.76451, -0.353801, 0.350759, -0.303785
-0.195559, -0.491092, -0.105153, 1.76451, -0.353801, 0.350759, -0.303785
-0.195559, -0.491092, -0.105153, 1.76451, -0.353801, 0.350759, -0.303785
-0.195559, -0.491092, -0.105153, 1.76451, -0.353801, 0.350759, -0.303785
-0.195937, -0.49569, -0.103031, 1.76671, -0.357944, 0.353263, -0.308302
-0.195937, -0.49569, -0.103031, 1.76671, -0.357944, 0.353263, -0.308302
-0.199562, -0.485237, -0.0969056, 1.76459, -0.381958, 0.349455, -0.332259
-0.203726, -0.469646, -0.0948147, 1.75898, -0.400904, 0.342404, -0.350372
-0.197531, -0.517677, -0.0918584, 1.78029, -0.379363, 0.366357, -0.331985
-0.201381, -0.499069, -0.0907884, 1.77071, -0.395791, 0.355596, -0.347107
-0.200653, -0.519725, -0.0845913, 1.78166, -0.401212, 0.367528, -0.354363
-0.202325, -0.540553, -0.0766846, 1.79152, -0.415256, 0.379073, -0.370042
-0.202855, -0.491268, -0.0906759, 1.7674, -0.40343, 0.350738, -0.353959
-0.206609, -0.50805, -0.0770272, 1.77842, -0.436348, 0.36176, -0.388838
-0.20802, -0.510744, -0.0731748, 1.77907, -0.446827, 0.362685, -0.399602
-0.207598, -0.481403, -0.0805755, 1.76589, -0.438462, 0.34718, -0.389009
-0.205169, -0.515854, -0.0791766, 1.78248, -0.426553, 0.365925, -0.379263
-0.207308, -0.483513, -0.0806898, 1.76725, -0.436901, 0.347955, -0.387444
-0.209638, -0.497999, -0.0744917, 1.77531, -0.452042, 0.356578, -0.403714
-0.208621, -0.524972, -0.0690574, 1.78879, -0.453614, 0.371431, -0.407421
-0.207925, -0.523157, -0.0647906, 1.78887, -0.460394, 0.370469, -0.414686
-0.210412, -0.513557, -0.0635272, 1.78486, -0.471237, 0.365646, -0.424849
-0.210412, -0.513557, -0.0635272, 1.78486, -0.471237, 0.365646, -0.424849
-0.212014, -0.498229, -0.0660524, 1.77738, -0.474206, 0.357345, -0.42652
-0.213682, -0.490516, -0.0668195, 1.77196, -0.47897, 0.352198, -0.430427
-0.213981, -0.492013, -0.0647736, 1.77451, -0.483378, 0.354122, -0.435252
-0.214445, -0.469891, -0.0690374, 1.76449, -0.481194, 0.342701, -0.431415
-0.214445, -0.469891, -0.0690374, 1.76449, -0.481194, 0.342701, -0.431415
-0.214445, -0.469891, -0.0690374, 1.76449, -0.481194, 0.342701, -0.431415
-0.214445, -0.469891, -0.0690374, 1.76449, -0.481194, 0.342701, -0.431415
-0.216564, -0.499867, -0.0583745, 1.78075, -0.501912, 0.359379, -0.454525
-0.217631, -0.494574, -0.0538824, 1.77829, -0.514856, 0.356115, -0.467433
-0.217623, -0.488085, -0.0556374, 1.7741, -0.512967, 0.352042, -0.464904
-0.217775, -0.498355, -0.0518048, 1.78255, -0.518375, 0.359816, -0.471617
-0.216809, -0.498505, -0.0510973, 1.78081, -0.517489, 0.358397, -0.470724
-0.217551, -0.523539, -0.0432697, 1.79701, -0.528528, 0.374624, -0.484334
-0.21804, -0.507257, -0.0497578, 1.78665, -0.521629, 0.364501, -0.475468
-0.22038, -0.480761, -0.0520732, 1.77551, -0.529315, 0.351221, -0.481188
-0.219436, -0.500338, -0.0496303, 1.78478, -0.527141, 0.361392, -0.480443
-0.224254, -0.470926, -0.0478522, 1.768, -0.55023, 0.344162, -0.501052
-0.223182, -0.48719, -0.041924, 1.77901, -0.555897, 0.354057, -0.508665
-0.221128, -0.485267, -0.0457859, 1.77658, -0.543269, 0.352161, -0.495661
-0.219702, -0.508262, -0.0361806, 1.78929, -0.554037, 0.364047, -0.509011
-0.217977, -0.493234, -0.0381201, 1.78087, -0.549396, 0.354931, -0.503268
-0.216498, -0.487424, -0.0388103, 1.77453, -0.545863, 0.349286, -0.499098
-0.215172, -0.515708, -0.0294972, 1.79094, -0.554974, 0.365006, -0.5112
-0.213412, -0.490247, -0.0375834, 1.77478, -0.541042, 0.349215, -0.494671
-0.212022, -0.508417, -0.0313208, 1.78384, -0.546187, 0.358133, -0.501633
-0.207933, -0.520329, -0.0269894, 1.78979, -0.541932, 0.363434, -0.499018
-0.207933, -0.520329, -0.0269894, 1.78979, -0.541932, 0.363434, -0.499018
-0.207933, -0.520329, -0.0269894, 1.78979, -0.541932, 0.363434, -0.499018
-0.204918, -0.537614, -0.0212972, 1.79724, -0.54206, 0.370804, -0.50103
-0.201741, -0.535937, -0.0167602, 1.79844, -0.542993, 0.369979, -0.502879
-0.201741, -0.535937, -0.0167602, 1.79844, -0.542993, 0.369979, -0.502879
-0.198228, -0.52087, -0.0209301, 1.78581, -0.530386, 0.358102, -0.488744
-0.198068, -0.528187, -0.0159086, 1.78824, -0.538179, 0.360594, -0.497322
-0.195428, -0.5565, -0.00954512, 1.8018, -0.538004, 0.374748, -0.499727
-0.194997, -0.537006, -0.0119109, 1.79197, -0.5367, 0.363642, -0.496911
-0.194317, -0.551355, -0.00402078, 1.79938, -0.546841, 0.370578, -0.508819
-0.189557, -0.559428, -0.00309254, 1.80287, -0.535858, 0.373952, -0.498984
-0.189602, -0.560293, 0.000585405, 1.80259, -0.542376, 0.373381, -0.50582
-0.188788, -0.563978, 0.0015541, 1.8041, -0.541548, 0.374974, -0.505388
-0.188832, -0.562549, 0.0090606, 1.804, -0.555004, 0.373305, -0.51952
-0.179739, -0.55055, -0.00629784, 1.79215, -0.509847, 0.363664, -0.472525
-0.183022, -0.571548, 0.0063586, 1.80314, -0.536161, 0.374576, -0.500968
-0.180591, -0.555823, 0.00407015, 1.79413, -0.529561, 0.364618, -0.493229
-0.181063, -0.562683, 0.011942, 1.79998, -0.543181, 0.368991, -0.508272
-0.181063, -0.562683, 0.011942, 1.79998, -0.543181, 0.368991, -0.508272
-0.178176, -0.579453, 0.0173646, 1.8055, -0.543425, 0.375153, -0.510104
-0.176166, -0.553692, 0.0142214, 1.79204, -0.537926, 0.360063, -0.502738
-0.173528, -0.572894, 0.0176493, 1.79816, -0.535079, 0.367519, -0.501297
-0.175112, -0.551913, 0.0187878, 1.78963, -0.543873, 0.356696, -0.508902
-0.171688, -0.551149, 0.0140518, 1.78809, -0.527721, 0.355833, -0.4925
-0.167755, -0.560637, 0.0127902, 1.7904, -0.515081, 0.359159, -0.48048
-0.167755, -0.560637, 0.0127902, 1.7904, -0.515081, 0.359159, -0.48048
-0.167755, -0.560637, 0.0127902, 1.7904, -0.515081, 0.359159, -0.48048
-0.167755, -0.560637, 0.0127902, 1.7904, -0.515081, 0.359159, -0.48048
-0.167755, -0.560637, 0.0127902, 1.7904, -0.515081, 0.359159, -0.48048
-0.167755, -0.560637, 0.0127902, 1.7904, -0.515081, 0.359159, -0.48048
-0.167755, -0.560637, 0.0127902, 1.7904, -0.515081, 0.359159, -0.48048
-0.167755, -0.560637, 0.0127902, 1.7904, -0.515081, 0.359159, -0.48048
-0.159903, -0.579968, 0.0218745, 1.79706, -0.511382, 0.364533, -0.479592
-0.151084, -0.607203, 0.0406008, 1.80879, -0.520253, 0.373758, -0.492979
-0.147712, -0.608233, 0.039712, 1.80656, -0.511662, 0.372184, -0.484451
-0.154507, -0.557312, 0.0360808, 1.78182, -0.527688, 0.34386, -0.49632
-0.147892, -0.610297, 0.0437104, 1.80908, -0.519256, 0.37144, -0.492389
-0.147892, -0.610297, 0.0437104, 1.80908, -0.519256, 0.37144, -0.492389
-0.147892, -0.610297, 0.0437104, 1.80908, -0.519256, 0.37144, -0.492389
-0.13819, -0.630539, 0.045841, 1.81244, -0.500118, 0.376629, -0.475136
-0.137876, -0.651105, 0.0596154, 1.82648, -0.517545, 0.389165, -0.495814
-0.13587, -0.615654, 0.0503691, 1.80525, -0.504355, 0.366828, -0.47918
-0.134504, -0.647536, 0.0602853, 1.82032, -0.513377, 0.382739, -0.491162
-0.128309, -0.650547, 0.0594906, 1.82018, -0.499217, 0.382804, -0.477668
-0.128325, -0.635691, 0.0559294, 1.81306, -0.495741, 0.374604, -0.472932
-0.129284, -0.626673, 0.0569286, 1.80667, -0.500498, 0.36787, -0.47698
-0.129284, -0.626673, 0.0569286, 1.80667, -0.500498, 0.36787, -0.47698
-0.124662, -0.638032, 0.0598651, 1.81125, -0.494173, 0.372679, -0.472046
-0.131644, -0.599798, 0.0629466, 1.79203, -0.51732, 0.35023, -0.492537
-0.131644, -0.599798, 0.0629466, 1.79203, -0.51732, 0.35023, -0.492537
-0.123272, -0.613045, 0.0627833, 1.79612, -0.498081, 0.355078, -0.474653
-0.12279, -0.648909, 0.0763954, 1.81579, -0.514855, 0.374358, -0.495112
-0.121012, -0.629611, 0.0723782, 1.80465, -0.507248, 0.362435, -0.485956
-0.112623, -0.670163, 0.0759679, 1.82263, -0.491966, 0.382732, -0.474041
-0.113479, -0.655472, 0.0761289, 1.81588, -0.495225, 0.374231, -0.476426
-0.118435, -0.617318, 0.0762947, 1.79661, -0.509045, 0.351754, -0.487541
-0.111759, -0.618424, 0.07415, 1.79411, -0.491818, 0.350059, -0.470527
-0.11061, -0.646389, 0.0810967, 1.80846, -0.497672, 0.365096, -0.478707
-0.113835, -0.604478, 0.0789239, 1.78648, -0.504275, 0.340564, -0.482282
-0.106971, -0.625078, 0.0763941, 1.79433, -0.484485, 0.350282, -0.463695
-0.109716, -0.625705, 0.0857388, 1.79685, -0.504013, 0.350604, -0.484205
-0.106945, -0.639371, 0.0903733, 1.80313, -0.504403, 0.3568, -0.486044
-0.0982792, -0.64374, 0.0849501, 1.80212, -0.478629, 0.357392, -0.460501
-0.104577, -0.590039, 0.0798443, 1.77306, -0.487826, 0.326253, -0.465595
-0.103396, -0.634198, 0.0943834, 1.79721, -0.505916, 0.348694, -0.487536
-0.0940461, -0.677027, 0.0978953, 1.81865, -0.489639, 0.371761, -0.47488
-0.0953981, -0.672184, 0.102066, 1.81576, -0.498364, 0.367847, -0.483619
-0.0971725, -0.654739, 0.103926, 1.80602, -0.505495, 0.356605, -0.489722
-0.0979469, -0.618795, 0.0985531, 1.78584, -0.501169, 0.335442, -0.482566
-0.0952238, -0.595085, 0.0888126, 1.77176, -0.48208, 0.322383, -0.461344
-0.093717, -0.645187, 0.10689, 1.7994, -0.50537, 0.347178, -0.489156
-0.088677, -0.622761, 0.0965034, 1.78526, -0.481272, 0.334151, -0.462994
-0.0896279, -0.632429, 0.103326, 1.79084, -0.492948, 0.338804, -0.475827
-0.0859553, -0.633172, 0.103841, 1.78771, -0.486402, 0.336427, -0.469386
-0.082279, -0.659667, 0.109285, 1.80164, -0.485946, 0.350432, -0.471191
-0.090265, -0.630442, 0.115814, 1.78682, -0.511881, 0.332817, -0.495601
-0.0807992, -0.64202, 0.110413, 1.79055, -0.484541, 0.338287, -0.468927
-0.0794584, -0.665441, 0.116102, 1.80268, -0.489263, 0.350525, -0.475497
-0.0750127, -0.642743, 0.109049, 1.78972, -0.471213, 0.337439, -0.455779
-0.0790912, -0.631728, 0.116012, 1.78117, -0.489814, 0.328177, -0.473996
-0.0773814, -0.645206, 0.120394, 1.78859, -0.492406, 0.335019, -0.477876
-0.0773814, -0.645206, 0.120394, 1.78859, -0.492406, 0.335019, -0.477876
-0.0773814, -0.645206, 0.120394, 1.78859, -0.492406, 0.335019, -0.477876
-0.0773814, -0.645206, 0.120394, 1.78859, -0.492406, 0.335019, -0.477876
-0.0773814, -0.645206, 0.120394, 1.78859, -0.492406, 0.335019, -0.477876
-0.0773814, -0.645206, 0.120394, 1.78859, -0.492406, 0.335019, -0.477876
-0.0773814, -0.645206, 0.120394, 1.78859, -0.492406, 0.335019, -0.477876
-0.0773814, -0.645206, 0.120394, 1.78859, -0.492406, 0.335019, -0.477876
-0.0773814, -0.645206, 0.120394, 1.78859, -0.492406, 0.335019, -0.477876
-0.0617162, -0.628136, 0.126988, 1.77084, -0.469656, 0.317826, -0.455456
-0.0648989, -0.634965, 0.141427, 1.77463, -0.496924, 0.318818, -0.484328
-0.0627295, -0.632823, 0.137935, 1.77284, -0.487616, 0.317811, -0.474666
-0.060974, -0.649228, 0.140274, 1.7832, -0.487411, 0.327757, -0.475736
-0.0553242, -0.628415, 0.128313, 1.76868, -0.459578, 0.315691, -0.445813
-0.0553242, -0.628415, 0.128313, 1.76868, -0.459578, 0.315691, -0.445813
-0.0553242, -0.628415, 0.128313, 1.76868, -0.459578, 0.315691, -0.445813
-0.0553242, -0.628415, 0.128313, 1.76868, -0.459578, 0.315691, -0.445813
-0.0553242, -0.628415, 0.128313, 1.76868, -0.459578, 0.315691, -0.445813
-0.0553242, -0.628415, 0.128313, 1.76868, -0.459578, 0.315691, -0.445813
-0.0616004, -0.651082, 0.146095, 1.7836, -0.498003, 0.327134, -0.486891
-0.0624775, -0.629021, 0.139745, 1.77165, -0.490856, 0.315595, -0.477955
-0.0603303, -0.659798, 0.143689, 1.78957, -0.492288, 0.333332, -0.481469
-0.0609539, -0.616531, 0.13276, 1.76506, -0.478293, 0.309462, -0.464034
-0.0625114, -0.618535, 0.134691, 1.76533, -0.484424, 0.309722, -0.470264
-0.0625114, -0.618535, 0.134691, 1.76533, -0.484424, 0.309722, -0.470264
-0.0625114, -0.618535, 0.134691, 1.76533, -0.484424, 0.309722, -0.470264
-0.0625114, -0.618535, 0.134691, 1.76533, -0.484424, 0.309722, -0.470264
-0.0625114, -0.618535, 0.134691, 1.76533, -0.484424, 0.309722, -0.470264
-0.0660252, -0.612868, 0.140745, 1.76294, -0.500294, 0.305818, -0.486303
-0.062117, -0.641628, 0.142712, 1.7789, -0.495618, 0.321617, -0.483453
-0.0666382, -0.60749, 0.137448, 1.76117, -0.497117, 0.303618, -0.482545
-0.0581572, -0.65987, 0.142086, 1.79, -0.487214, 0.331994, -0.476156
-0.0596899, -0.647726, 0.138787, 1.78277, -0.485783, 0.325169, -0.473611
-0.0575527, -0.642045, 0.134788, 1.77677, -0.476153, 0.320633, -0.463207
-0.0615921, -0.631108, 0.135181, 1.77206, -0.484707, 0.315175, -0.471099
-0.0566884, -0.656027, 0.138016, 1.7854, -0.479179, 0.32843, -0.467396
-0.0610207, -0.629105, 0.13849, 1.77164, -0.4881, 0.313237, -0.474818
-0.0621512, -0.633492, 0.138653, 1.77481, -0.490624, 0.316338, -0.477532
-0.0544729, -0.655019, 0.134305, 1.78451, -0.469402, 0.327868, -0.457288
-0.0603972, -0.639029, 0.139743, 1.77922, -0.48825, 0.319867, -0.475799
-0.053858, -0.651368, 0.132755, 1.78387, -0.465562, 0.326765, -0.453289
-0.053858, -0.651368, 0.132755, 1.78387, -0.465562, 0.326765, -0.453289
-0.053858, -0.651368, 0.132755, 1.78387, -0.465562, 0.326765, -0.453289
-0.053858, -0.651368, 0.132755, 1.78387, -0.465562, 0.326765, -0.453289
-0.053858, -0.651368, 0.132755, 1.78387, -0.465562, 0.326765, -0.453289
-0.053858, -0.651368, 0.132755, 1.78387, -0.465562, 0.326765, -0.453289
-0.053858, -0.651368, 0.132755, 1.78387, -0.465562, 0.326765, -0.453289
-0.053858, -0.651368, 0.132755, 1.78387, -0.465562, 0.326765, -0.453289
-0.053858, -0.651368, 0.132755, 1.78387, -0.465562, 0.326765, -0.453289
-0.053858, -0.651368, 0.132755, 1.78387, -0.465562, 0.326765, -0.453289
-0.053858, -0.651368, 0.132755, 1.78387, -0.465562, 0.326765, -0.453289
-0.0552374, -0.648404, 0.133513, 1.78232, -0.469344, 0.325002, -0.456914
-0.0552374, -0.648404, 0.133513, 1.78232, -0.469344, 0.325002, -0.456914
-0.0617333, -0.647366, 0.13868, 1.78275, -0.489462, 0.324401, -0.477097
-0.0617333, -0.647366, 0.13868, 1.78275, -0.489462, 0.324401, -0.477097
-0.0546559, -0.66838, 0.138199, 1.79211, -0.47514, 0.33489, -0.464152
-0.0546559, -0.66838, 0.138199, 1.79211, -0.47514, 0.33489, -0.464152
-0.0546559, -0.66838, 0.138199, 1.79211, -0.47514, 0.33489, -0.464152
-0.05753, -0.65437, 0.138436, 1.78536, -0.48093, 0.327199, -0.469128
-0.054739, -0.650596, 0.133766, 1.78297, -0.468965, 0.32557, -0.456681
-0.054739, -0.650596, 0.133766, 1.78297, -0.468965, 0.32557, -0.456681
-0.054739, -0.650596, 0.133766, 1.78297, -0.468965, 0.32557, -0.456681
-0.054739, -0.650596, 0.133766, 1.78297, -0.468965, 0.32557, -0.456681
-0.054739, -0.650596, 0.133766, 1.78297, -0.468965, 0.32557, -0.456681
-0.054739, -0.650596, 0.133766, 1.78297, -0.468965, 0.32557, -0.456681
-0.0575674, -0.643856, 0.135553, 1.77962, -0.477008, 0.321609, -0.464406
-0.0575674, -0.643856, 0.135553, 1.77962, -0.477008, 0.321609, -0.464406
-0.060403, -0.626836, 0.134037, 1.76875, -0.480674, 0.311079, -0.466795
-0.0614439, -0.606557, 0.129825, 1.75828, -0.476549, 0.300758, -0.461309
-0.0614439, -0.606557, 0.129825, 1.75828, -0.476549, 0.300758, -0.461309
-0.0614439, -0.606557, 0.129825, 1.75828, -0.476549, 0.300758, -0.461309
-0.0616016, -0.639445, 0.1374, 1.77832, -0.488176, 0.319314, -0.47525
-0.0592394, -0.639709, 0.137592, 1.77726, -0.483771, 0.318459, -0.470964
-0.063455, -0.642495, 0.142104, 1.78009, -0.498524, 0.320256, -0.4861
-0.0602229, -0.639307, 0.137977, 1.77699, -0.48632, 0.318215, -0.473445
-0.0588471, -0.6608, 0.140098, 1.78996, -0.486585, 0.331149, -0.47514
-0.0593739, -0.632435, 0.13477, 1.77417, -0.480081, 0.315311, -0.466597
-0.0581758, -0.644692, 0.136961, 1.78149, -0.480872, 0.322315, -0.468333
-0.0585332, -0.665167, 0.142608, 1.79289, -0.489636, 0.333315, -0.478639
-0.0576281, -0.636315, 0.131624, 1.77537, -0.473177, 0.317123, -0.459532
-0.0541313, -0.661933, 0.137429, 1.78994, -0.474605, 0.330866, -0.463085
-0.0590934, -0.618963, 0.128654, 1.7668, -0.472708, 0.307354, -0.457913
-0.0597879, -0.622717, 0.130355, 1.769, -0.476633, 0.309271, -0.462134
-0.0597879, -0.622717, 0.130355, 1.769, -0.476633, 0.309271, -0.462134
-0.0597879, -0.622717, 0.130355, 1.769, -0.476633, 0.309271, -0.462134
-0.0582399, -0.664148, 0.14005, 1.79255, -0.487859, 0.331349, -0.476386
-0.0517255, -0.687074, 0.139365, 1.80396, -0.474317, 0.34397, -0.464335
-0.06175, -0.635127, 0.136942, 1.77872, -0.490266, 0.315347, -0.47684
-0.0629209, -0.639541, 0.142298, 1.78024, -0.500358, 0.316167, -0.487522
-0.0666984, -0.625078, 0.14186, 1.77274, -0.507172, 0.308409, -0.493358
-0.0554306, -0.640218, 0.13271, 1.77803, -0.471522, 0.316415, -0.458086
-0.0554306, -0.640218, 0.13271, 1.77803, -0.471522, 0.316415, -0.458086
-0.0603434, -0.647305, 0.138749, 1.7866, -0.489559, 0.322875, -0.477098
-0.0577008, -0.645685, 0.136148, 1.78348, -0.480812, 0.320819, -0.468022
-0.0614046, -0.615521, 0.132213, 1.76596, -0.482678, 0.303587, -0.467725
-0.0591992, -0.642924, 0.136229, 1.78112, -0.484377, 0.318302, -0.471227
-0.0591992, -0.642924, 0.136229, 1.78112, -0.484377, 0.318302, -0.471227
-0.0591992, -0.642924, 0.136229, 1.78112, -0.484377, 0.318302, -0.471227
-0.0591992, -0.642924, 0.136229, 1.78112, -0.484377, 0.318302, -0.471227
-0.0591992, -0.642924, 0.136229, 1.78112, -0.484377, 0.318302, -0.471227
-0.0591992, -0.642924, 0.136229, 1.78112, -0.484377, 0.318302, -0.471227
-0.0591992, -0.642924, 0.136229, 1.78112, -0.484377, 0.318302, -0.471227
-0.0591992, -0.642924, 0.136229, 1.78112, -0.484377, 0.318302, -0.471227
-0.0591992, -0.642924, 0.136229, 1.78112, -0.484377, 0.318302, -0.471227
-0.0591992, -0.642924, 0.136229, 1.78112, -0.484377, 0.318302, -0.471227
-0.0591992, -0.642924, 0.136229, 1.78112, -0.484377, 0.318302, -0.471227
-0.0579583, -0.666061, 0.141392, 1.79517, -0.489303, 0.331628, -0.478029
-0.0551676, -0.65184, 0.13407, 1.78482, -0.474092, 0.322837, -0.461357
-0.0547125, -0.652924, 0.13224, 1.78553, -0.470664, 0.323929, -0.457829
-0.0633992, -0.636313, 0.143701, 1.78109, -0.503215, 0.3153, -0.490521
-0.0556977, -0.642557, 0.131762, 1.78046, -0.471168, 0.318363, -0.457774
-0.056637, -0.640606, 0.134233, 1.77807, -0.476573, 0.315884, -0.463164
-0.0586122, -0.653861, 0.133062, 1.78732, -0.478732, 0.325553, -0.465786
-0.0685135, -0.618345, 0.134515, 1.76997, -0.500418, 0.306183, -0.485371
-0.065913, -0.633475, 0.133374, 1.77649, -0.493654, 0.313654, -0.479205
-0.0722137, -0.598463, 0.127003, 1.75872, -0.497627, 0.295933, -0.480622
-0.0715289, -0.655121, 0.135257, 1.791, -0.508039, 0.32694, -0.494326
-0.0731618, -0.644416, 0.130252, 1.78389, -0.504693, 0.320971, -0.489678
-0.0816064, -0.614183, 0.130057, 1.76796, -0.521818, 0.304433, -0.504766
-0.0770665, -0.667709, 0.134977, 1.79764, -0.519196, 0.333675, -0.505492
-0.0826812, -0.667713, 0.139088, 1.79944, -0.53561, 0.334427, -0.522035
-0.0864853, -0.624057, 0.12837, 1.77452, -0.529489, 0.310578, -0.512038
-0.092502, -0.635906, 0.134574, 1.78306, -0.550367, 0.31777, -0.533826
-0.0935229, -0.612876, 0.126892, 1.76776, -0.542232, 0.304833, -0.52343
-0.0915388, -0.64891, 0.131044, 1.78882, -0.543449, 0.325069, -0.527086
-0.097482, -0.639628, 0.133999, 1.7857, -0.559509, 0.320695, -0.54267
-0.10078, -0.640998, 0.132628, 1.7859, -0.564274, 0.321749, -0.547046
-0.103653, -0.606251, 0.124405, 1.76517, -0.559645, 0.302973, -0.539376
-0.103964, -0.660957, 0.137414, 1.79868, -0.577851, 0.332858, -0.561851
-0.108398, -0.630607, 0.127348, 1.78107, -0.574226, 0.317158, -0.555035
-0.112843, -0.639264, 0.13605, 1.78938, -0.595152, 0.322676, -0.57732
-0.116001, -0.613767, 0.126321, 1.77298, -0.58904, 0.309233, -0.568354
-0.118372, -0.633572, 0.131534, 1.78436, -0.600935, 0.319552, -0.58168
-0.125857, -0.588323, 0.125101, 1.75999, -0.608583, 0.296361, -0.585592
-0.12286, -0.614059, 0.123297, 1.77214, -0.598812, 0.309233, -0.576991
-0.125288, -0.622776, 0.127882, 1.78129, -0.609794, 0.316041, -0.589176
-0.130132, -0.631929, 0.13358, 1.78584, -0.627671, 0.319894, -0.607677
-0.132221, -0.593358, 0.119725, 1.76125, -0.614226, 0.299805, -0.590128
-0.132232, -0.64529, 0.132522, 1.79627, -0.630865, 0.32937, -0.611484
-0.136778, -0.587959, 0.118037, 1.75833, -0.623035, 0.29752, -0.597745
-0.139576, -0.619994, 0.127255, 1.78006, -0.641225, 0.315503, -0.61876
-0.14118, -0.632659, 0.129081, 1.78916, -0.646299, 0.323633, -0.624876
-0.144647, -0.632845, 0.129654, 1.78987, -0.65409, 0.324356, -0.63253
-0.152641, -0.597931, 0.125368, 1.77066, -0.666095, 0.306752, -0.641304
-0.149907, -0.591518, 0.113983, 1.76323, -0.64395, 0.303659, -0.617537
-0.153182, -0.631503, 0.131538, 1.79076, -0.675368, 0.324025, -0.653264
-0.156718, -0.597825, 0.119373, 1.76829, -0.6679, 0.306519, -0.641866
-0.165053, -0.606268, 0.129035, 1.77711, -0.699043, 0.311968, -0.674259
-0.154676, -0.614287, 0.115255, 1.77802, -0.656798, 0.316918, -0.631652
-0.163909, -0.615348, 0.124786, 1.78409, -0.689287, 0.319426, -0.66503
-0.163552, -0.606572, 0.119395, 1.77451, -0.681674, 0.313301, -0.655842
-0.171147, -0.592359, 0.119549, 1.76911, -0.698567, 0.307712, -0.671602
-0.168862, -0.61868, 0.12069, 1.78403, -0.693586, 0.3215, -0.668551
-0.177238, -0.606861, 0.123218, 1.77999, -0.715189, 0.316769, -0.689281
-0.177238, -0.606861, 0.123218, 1.77999, -0.715189, 0.316769, -0.689281
-0.177238, -0.606861, 0.123218, 1.77999, -0.715189, 0.316769, -0.689281
-0.177238, -0.606861, 0.123218, 1.77999, -0.715189, 0.316769, -0.689281
-0.177238, -0.606861, 0.123218, 1.77999, -0.715189, 0.316769, -0.689281
-0.177238, -0.606861, 0.123218, 1.77999, -0.715189, 0.316769, -0.689281
-0.177238, -0.606861, 0.123218, 1.77999, -0.715189, 0.316769, -0.689281
-0.177238, -0.606861, 0.123218, 1.77999, -0.715189, 0.316769, -0.689281
-0.177238, -0.606861, 0.123218, 1.77999, -0.715189, 0.316769, -0.689281
-0.196145, -0.574649, 0.115668, 1.76382, -0.747454, 0.303908, -0.717986
-0.207134, -0.56506, 0.11077, 1.75743, -0.764728, 0.301011, -0.733469
-0.211929, -0.551919, 0.111337, 1.74904, -0.777372, 0.294065, -0.744843
-0.207819, -0.562515, 0.108548, 1.75841, -0.762343, 0.301934, -0.731001
-0.210488, -0.590817, 0.117136, 1.7747, -0.779599, 0.314404, -0.750684
-0.210325, -0.598049, 0.114978, 1.77896, -0.775238, 0.318961, -0.746704
-0.218969, -0.577544, 0.116229, 1.76826, -0.797241, 0.309336, -0.766819
-0.218982, -0.559087, 0.107042, 1.75445, -0.784966, 0.300626, -0.752033
-0.219994, -0.585158, 0.114912, 1.77448, -0.796851, 0.314879, -0.766976
-0.23172, -0.542354, 0.110058, 1.74882, -0.819099, 0.294475, -0.784727
-0.2216, -0.578576, 0.106382, 1.76877, -0.787023, 0.312176, -0.755502
-0.231257, -0.572099, 0.111627, 1.7681, -0.816381, 0.310224, -0.784555
-0.237195, -0.536606, 0.105446, 1.74527, -0.823534, 0.293114, -0.787871
-0.241278, -0.511125, 0.0980363, 1.72693, -0.823334, 0.281117, -0.784641
-0.237214, -0.562411, 0.107127, 1.76468, -0.823783, 0.307862, -0.790521
-0.250631, -0.519149, 0.106544, 1.73588, -0.857516, 0.285872, -0.819695
-0.246374, -0.538691, 0.10224, 1.7466, -0.838183, 0.296061, -0.80161
-0.252376, -0.518702, 0.099562, 1.73397, -0.849696, 0.286943, -0.810993
-0.244579, -0.569594, 0.107234, 1.77053, -0.839033, 0.312524, -0.806014
-0.254185, -0.536407, 0.101905, 1.75117, -0.855628, 0.298078, -0.819013
-0.258787, -0.523733, 0.0982687, 1.73986, -0.861916, 0.291492, -0.823349
-0.266728, -0.509597, 0.100751, 1.73343, -0.885882, 0.285716, -0.846223
-0.265968, -0.493091, 0.0924914, 1.71895, -0.871708, 0.277926, -0.829672
-0.269256, -0.481254, 0.0880062, 1.71133, -0.872797, 0.273757, -0.829373
-0.267506, -0.510825, 0.0950986, 1.73354, -0.878153, 0.287696, -0.837997
-0.278938, -0.465266, 0.0905703, 1.70295, -0.902828, 0.266518, -0.857904
-0.274386, -0.511384, 0.0929777, 1.7334, -0.890269, 0.288444, -0.84926
-0.283024, -0.462136, 0.0866644, 1.70258, -0.905559, 0.266563, -0.859603
-0.281338, -0.507047, 0.094975, 1.73544, -0.911799, 0.287392, -0.870364
-0.279964, -0.526751, 0.0980775, 1.74804, -0.911663, 0.296027, -0.872152
-0.281272, -0.500527, 0.0883959, 1.72786, -0.90195, 0.284241, -0.85902
-0.283096, -0.499071, 0.0887558, 1.72782, -0.907034, 0.284078, -0.864034
-0.291901, -0.4904, 0.0916801, 1.72577, -0.934116, 0.281658, -0.890611
-0.292374, -0.49837, 0.0892229, 1.73144, -0.929507, 0.286867, -0.886574
-0.290218, -0.525019, 0.0933342, 1.74892, -0.928174, 0.298633, -0.887925
-0.298816, -0.494573, 0.0932813, 1.73238, -0.951756, 0.285781, -0.908658
-0.298816, -0.494573, 0.0932813, 1.73238, -0.951756, 0.285781, -0.908658
-0.298816, -0.494573, 0.0932813, 1.73238, -0.951756, 0.285781, -0.908658
-0.298816, -0.494573, 0.0932813, 1.73238, -0.951756, 0.285781, -0.908658
-0.300411, -0.488013, 0.0913246, 1.7273, -0.953191, 0.282932, -0.909262
-0.300411, -0.488013, 0.0913246, 1.7273, -0.953191, 0.282932, -0.909262
-0.300411, -0.488013, 0.0913246, 1.7273, -0.953191, 0.282932, -0.909262
-0.302595, -0.484639, 0.0904049, 1.72555, -0.957335, 0.282008, -0.913043
-0.319226, -0.47287, 0.0852672, 1.72292, -0.989633, 0.282588, -0.944028
-0.327347, -0.430122, 0.0752125, 1.68844, -0.998058, 0.263565, -0.946981
-0.324246, -0.453792, 0.0795565, 1.70615, -0.995441, 0.273449, -0.946985
-0.324246, -0.453792, 0.0795565, 1.70615, -0.995441, 0.273449, -0.946985
-0.328367, -0.450576, 0.0746816, 1.70376, -0.996786, 0.274082, -0.947592
-0.332085, -0.42975, 0.0713831, 1.68719, -1.00319, 0.264772, -0.951513
-0.337183, -0.43847, 0.0764576, 1.69926, -1.02532, 0.270545, -0.975287
