-3.07353e-20, -0.633959, 3.66555e-19, 1.82236, -6.52381e-19, 0.433262, -3.66743e-34
-0.00147257, -0.633963, -0.0017286, 1.82236, -0.000472123, 0.433263, 6.85365e-09
-0.00323964, -0.633969, -0.0038029, 1.82236, -0.00103866, 0.433266, 2.11592e-08
-0.00500671, -0.633975, -0.00587719, 1.82236, -0.0016052, 0.433269, 3.84198e-08
-0.00677377, -0.633982, -0.00795148, 1.82235, -0.00217174, 0.433272, 5.86355e-08
-0.00854083, -0.633989, -0.0100258, 1.82235, -0.00273828, 0.433276, 8.1806e-08
-0.0103079, -0.633996, -0.0121, 1.82235, -0.00330482, 0.433281, 1.07931e-07
-0.0117805, -0.634001, -0.0138286, 1.82235, -0.00377694, 0.433285, 1.26755e-07
-0.0135475, -0.634008, -0.0159029, 1.82235, -0.00434348, 0.43329, 1.58297e-07
-0.0153139, -0.634234, -0.0179739, 1.82205, -0.00490916, 0.433124, 4.92422e-07
-0.0170805, -0.634241, -0.0200485, 1.82205, -0.00547544, 0.43313, 5.29902e-07
-0.0188471, -0.634249, -0.022123, 1.82204, -0.00604173, 0.433137, 5.70338e-07
-0.0206136, -0.634257, -0.0241975, 1.82204, -0.00660801, 0.433145, 6.13731e-07
-0.0220858, -0.634263, -0.0259263, 1.82203, -0.00707993, 0.433151, 6.44547e-07
-0.0238524, -0.634271, -0.0280008, 1.82203, -0.00764622, 0.43316, 6.93359e-07
-0.0256189, -0.634279, -0.0300753, 1.82202, -0.00821252, 0.433169, 7.45126e-07
-0.0273855, -0.634288, -0.0321498, 1.82202, -0.00877881, 0.433178, 7.99849e-07
-0.029152, -0.634297, -0.0342242, 1.82201, -0.00934511, 0.433189, 8.57525e-07
-0.0306241, -0.634303, -0.0359529, 1.82201, -0.00981704, 0.433197, 8.98261e-07
-0.0323906, -0.634312, -0.0380273, 1.822, -0.0103833, 0.433208, 9.61353e-07
-0.0341572, -0.634321, -0.0401017, 1.82199, -0.0109496, 0.43322, 1.0274e-06
-0.0359237, -0.634331, -0.0421761, 1.82198, -0.011516, 0.433232, 1.09639e-06
-0.0376902, -0.63434, -0.0442504, 1.82198, -0.0120823, 0.433244, 1.16834e-06
-0.0391623, -0.634566, -0.0459719, 1.82167, -0.012553, 0.433082, 1.4668e-06
-0.0409283, -0.634576, -0.0480465, 1.82166, -0.013119, 0.433096, 1.54423e-06
-0.0426943, -0.634586, -0.0501211, 1.82166, -0.0136851, 0.43311, 1.62461e-06
-0.0444603, -0.634596, -0.0521957, 1.82165, -0.0142512, 0.433124, 1.70794e-06
-0.0462262, -0.634607, -0.0542702, 1.82164, -0.0148173, 0.433139, 1.79423e-06
-0.0476979, -0.634615, -0.055999, 1.82163, -0.015289, 0.433152, 1.85483e-06
-0.0494638, -0.634626, -0.0580734, 1.82162, -0.0158551, 0.433168, 1.94652e-06
-0.0512298, -0.634637, -0.0601478, 1.82161, -0.0164212, 0.433184, 2.04117e-06
-0.0529959, -0.634866, -0.0622127, 1.8213, -0.0169857, 0.433029, 2.43506e-06
-0.0544671, -0.634875, -0.0639417, 1.82129, -0.0174572, 0.433043, 2.50357e-06
-0.0562325, -0.634886, -0.0660163, 1.82128, -0.0180231, 0.433061, 2.60666e-06
-0.0579979, -0.634898, -0.0680909, 1.82126, -0.018589, 0.433079, 2.7127e-06
-0.0597633, -0.634909, -0.0701655, 1.82125, -0.0191548, 0.433098, 2.82168e-06
-0.0612345, -0.634919, -0.0718943, 1.82124, -0.0196264, 0.433114, 2.89805e-06
-0.0630002, -0.635149, -0.0739576, 1.82093, -0.0201905, 0.432962, 3.30757e-06
-0.0647651, -0.635161, -0.0760324, 1.82091, -0.0207561, 0.432982, 3.42501e-06
-0.0662359, -0.635171, -0.0777614, 1.8209, -0.0212275, 0.432999, 3.50725e-06
-0.0680007, -0.635184, -0.0798361, 1.82089, -0.0217932, 0.433021, 3.63009e-06
-0.0697656, -0.635196, -0.0819107, 1.82087, -0.0223588, 0.433043, 3.75588e-06
-0.0715309, -0.635428, -0.0839727, 1.82056, -0.0229225, 0.432892, 4.17866e-06
-0.0730012, -0.635438, -0.0857019, 1.82054, -0.0233937, 0.432911, 4.26882e-06
-0.0747655, -0.635451, -0.0877767, 1.82053, -0.0239591, 0.432934, 4.40308e-06
-0.0765298, -0.635465, -0.0898515, 1.82051, -0.0245246, 0.432958, 4.54027e-06
-0.0780001, -0.635475, -0.0915805, 1.8205, -0.0249958, 0.432978, 4.63623e-06
-0.0797651, -0.635707, -0.0936412, 1.82018, -0.0255591, 0.43283, 5.07173e-06
-0.0815289, -0.635721, -0.0957161, 1.82016, -0.0261243, 0.432856, 5.21739e-06
-0.0829987, -0.635732, -0.0974453, 1.82015, -0.0265954, 0.432877, 5.31923e-06
-0.0847624, -0.635747, -0.0995202, 1.82013, -0.0271606, 0.432903, 5.47029e-06
-0.0865261, -0.635761, -0.101595, 1.82011, -0.0277258, 0.43293, 5.62429e-06
-0.0879969, -0.635991, -0.103309, 1.8198, -0.0281947, 0.43278, 5.97434e-06
-0.0897601, -0.636006, -0.105384, 1.81978, -0.0287597, 0.432808, 6.13387e-06
-0.0912295, -0.636018, -0.107113, 1.81976, -0.0292306, 0.432831, 6.24534e-06
-0.0929926, -0.636033, -0.109188, 1.81974, -0.0297956, 0.43286, 6.41026e-06
-0.0947568, -0.636266, -0.111246, 1.81942, -0.0303582, 0.432716, 6.86873e-06
-0.0962257, -0.636278, -0.112976, 1.8194, -0.0308289, 0.43274, 6.98609e-06
-0.0979883, -0.636294, -0.115051, 1.81938, -0.0313937, 0.432771, 7.15948e-06
-0.0994585, -0.636525, -0.116763, 1.81907, -0.0318619, 0.432623, 7.52141e-06
-0.101221, -0.636541, -0.118838, 1.81905, -0.0324265, 0.432654, 7.70035e-06
-0.102689, -0.636554, -0.120567, 1.81903, -0.032897, 0.43268, 7.82529e-06
-0.104451, -0.63657, -0.122642, 1.819, -0.0334616, 0.432712, 8.00961e-06
-0.105921, -0.636801, -0.124353, 1.81869, -0.0339296, 0.432566, 8.37816e-06
-0.107682, -0.636818, -0.126429, 1.81866, -0.034494, 0.432599, 8.56803e-06
-0.109444, -0.636835, -0.128504, 1.81864, -0.0350583, 0.432633, 8.76083e-06
-0.110914, -0.637066, -0.130214, 1.81832, -0.035526, 0.432487, 9.13449e-06
-0.112675, -0.637084, -0.13229, 1.8183, -0.0360902, 0.432522, 9.33285e-06
-0.114142, -0.637098, -0.134019, 1.81827, -0.0365604, 0.432551, 9.47128e-06
-0.115609, -0.637112, -0.135749, 1.81825, -0.0370306, 0.43258, 9.61141e-06
-0.117372, -0.637347, -0.137804, 1.81793, -0.0375918, 0.432443, 1.01043e-05
-0.118839, -0.637362, -0.139533, 1.81791, -0.0380619, 0.432473, 1.02482e-05
-0.120599, -0.63738, -0.141609, 1.81788, -0.0386258, 0.43251, 1.046e-05
-0.122068, -0.637612, -0.143317, 1.81756, -0.0390929, 0.432367, 1.0845e-05
-0.123828, -0.637631, -0.145393, 1.81753, -0.0396567, 0.432405, 1.10622e-05
-0.125295, -0.637646, -0.147123, 1.81751, -0.0401265, 0.432437, 1.12138e-05
-0.127056, -0.637882, -0.149176, 1.81719, -0.0406872, 0.432302, 1.17213e-05
-0.128522, -0.637898, -0.150906, 1.81716, -0.0411569, 0.432335, 1.18767e-05
-0.129988, -0.637913, -0.152636, 1.81714, -0.0416265, 0.432367, 1.20339e-05
-0.13175, -0.63815, -0.154689, 1.81681, -0.0421869, 0.432234, 1.25484e-05
-0.133215, -0.638166, -0.156419, 1.81679, -0.0426564, 0.432268, 1.27094e-05
-0.134681, -0.638182, -0.158148, 1.81676, -0.0431259, 0.432302, 1.28721e-05
-0.136442, -0.638419, -0.1602, 1.81643, -0.0436859, 0.43217, 1.33936e-05
-0.137907, -0.638435, -0.161931, 1.81641, -0.0441553, 0.432204, 1.35602e-05
-0.139374, -0.638669, -0.163636, 1.81609, -0.0446213, 0.432066, 1.39626e-05
-0.141132, -0.63869, -0.165713, 1.81605, -0.0451842, 0.432109, 1.42095e-05
-0.142596, -0.638707, -0.167443, 1.81603, -0.0456534, 0.432145, 1.43816e-05
-0.144064, -0.63894, -0.169148, 1.8157, -0.0461192, 0.432007, 1.47888e-05
-0.145821, -0.638962, -0.171224, 1.81567, -0.0466819, 0.432052, 1.50436e-05
-0.147285, -0.638979, -0.172954, 1.81564, -0.0471509, 0.432089, 1.52213e-05
-0.148752, -0.639213, -0.174659, 1.81532, -0.0476164, 0.431953, 1.56331e-05
-0.150215, -0.639231, -0.176389, 1.81529, -0.0480852, 0.43199, 1.58143e-05
-0.151974, -0.63947, -0.178439, 1.81496, -0.0486441, 0.431863, 1.63591e-05
-0.153438, -0.639488, -0.180169, 1.81493, -0.0491127, 0.431901, 1.65442e-05
-0.154901, -0.639506, -0.1819, 1.8149, -0.0495814, 0.431941, 1.6731e-05
-0.156367, -0.639741, -0.183603, 1.81458, -0.0500464, 0.431806, 1.71504e-05
-0.15783, -0.639759, -0.185333, 1.81455, -0.0505149, 0.431846, 1.73407e-05
-0.159588, -0.639999, -0.187382, 1.81422, -0.0510732, 0.43172, 1.78968e-05
-0.16105, -0.640018, -0.189113, 1.81419, -0.0515415, 0.431761, 1.8091e-05
-0.162513, -0.640036, -0.190843, 1.81416, -0.0520098, 0.431802, 1.82869e-05
-0.163978, -0.640272, -0.192546, 1.81383, -0.0524743, 0.431669, 1.87138e-05
-0.163978, -0.640272, -0.192546, 1.81383, -0.0524743, 0.431669, 1.87138e-05
-0.163978, -0.640272, -0.192546, 1.81383, -0.0524743, 0.431669, 1.87138e-05
-0.163978, -0.640272, -0.192546, 1.81383, -0.0524743, 0.431669, 1.87138e-05
-0.163978, -0.640272, -0.192546, 1.81383, -0.0524743, 0.431669, 1.87138e-05
-0.163978, -0.640272, -0.192546, 1.81383, -0.0524743, 0.431669, 1.87138e-05
-0.163978, -0.640272, -0.192546, 1.81383, -0.0524743, 0.431669, 1.87138e-05
-0.163978, -0.640272, -0.192546, 1.81383, -0.0524743, 0.431669, 1.87138e-05
-0.163978, -0.640272, -0.192546, 1.81383, -0.0524743, 0.431669, 1.87138e-05
-0.163978, -0.640272, -0.192546, 1.81383, -0.0524743, 0.431669, 1.87138e-05
-0.163978, -0.640272, -0.192546, 1.81383, -0.0524743, 0.431669, 1.87138e-05
-0.163978, -0.640272, -0.192546, 1.81383, -0.0524743, 0.431669, 1.87138e-05
-0.163978, -0.640272, -0.192546, 1.81383, -0.0524743, 0.431669, 1.87138e-05
-0.163978, -0.640272, -0.192546, 1.81383, -0.0524743, 0.431669, 1.87138e-05
-0.163978, -0.640272, -0.192546, 1.81383, -0.0524743, 0.431669, 1.87138e-05
-0.163978, -0.640272, -0.192546, 1.81383, -0.0524743, 0.431669, 1.87138e-05
-0.163978, -0.640272, -0.192546, 1.81383, -0.0524743, 0.431669, 1.87138e-05
-0.163978, -0.640272, -0.192546, 1.81383, -0.0524743, 0.431669, 1.87138e-05
-0.163978, -0.640272, -0.192546, 1.81383, -0.0524743, 0.431669, 1.87138e-05
-0.163978, -0.640272, -0.192546, 1.81383, -0.0524743, 0.431669, 1.87138e-05
-0.163978, -0.640272, -0.192546, 1.81383, -0.0524743, 0.431669, 1.87138e-05
-0.163978, -0.640272, -0.192546, 1.81383, -0.0524743, 0.431669, 1.87138e-05
-0.163978, -0.640272, -0.192546, 1.81383, -0.0524743, 0.431669, 1.87138e-05
-0.163978, -0.640272, -0.192546, 1.81383, -0.0524743, 0.431669, 1.87138e-05
-0.163978, -0.640272, -0.192546, 1.81383, -0.0524743, 0.431669, 1.87138e-05
-0.163978, -0.640272, -0.192546, 1.81383, -0.0524743, 0.431669, 1.87138e-05
-0.163978, -0.640272, -0.192546, 1.81383, -0.0524743, 0.431669, 1.87138e-05
-0.163978, -0.640272, -0.192546, 1.81383, -0.0524743, 0.431669, 1.87138e-05
-0.163978, -0.640272, -0.192546, 1.81383, -0.0524743, 0.431669, 1.87138e-05
-0.163978, -0.640272, -0.192546, 1.81383, -0.0524743, 0.431669, 1.87138e-05
-0.163978, -0.640272, -0.192546, 1.81383, -0.0524743, 0.431669, 1.87138e-05
-0.163978, -0.640272, -0.192546, 1.81383, -0.0524743, 0.431669, 1.87138e-05
-0.163978, -0.640272, -0.192546, 1.81383, -0.0524743, 0.431669, 1.87138e-05
-0.163978, -0.640272, -0.192546, 1.81383, -0.0524743, 0.431669, 1.87138e-05
-0.163978, -0.640272, -0.192546, 1.81383, -0.0524743, 0.431669, 1.87138e-05
-0.163978, -0.640272, -0.192546, 1.81383, -0.0524743, 0.431669, 1.87138e-05
-0.163978, -0.640272, -0.192546, 1.81383, -0.0524743, 0.431669, 1.87138e-05
-0.163978, -0.640272, -0.192546, 1.81383, -0.0524743, 0.431669, 1.87138e-05
-0.163978, -0.640272, -0.192546, 1.81383, -0.0524743, 0.431669, 1.87138e-05
-0.163978, -0.640272, -0.192546, 1.81383, -0.0524743, 0.431669, 1.87138e-05
-0.163978, -0.640272, -0.192546, 1.81383, -0.0524743, 0.431669, 1.87138e-05
-0.163978, -0.640272, -0.192546, 1.81383, -0.0524743, 0.431669, 1.87138e-05
-0.163978, -0.640272, -0.192546, 1.81383, -0.0524743, 0.431669, 1.87138e-05
-0.163978, -0.640272, -0.192546, 1.81383, -0.0524743, 0.431669, 1.87138e-05
-0.163978, -0.640272, -0.192546, 1.81383, -0.0524743, 0.431669, 1.87138e-05
-0.163978, -0.640272, -0.192546, 1.81383, -0.0524743, 0.431669, 1.87138e-05
-0.163978, -0.640272, -0.192546, 1.81383, -0.0524743, 0.431669, 1.87138e-05
-0.163978, -0.640272, -0.192546, 1.81383, -0.0524743, 0.431669, 1.87138e-05
-0.163978, -0.640272, -0.192546, 1.81383, -0.0524743, 0.431669, 1.87138e-05
-0.163978, -0.640272, -0.192546, 1.81383, -0.0524743, 0.431669, 1.87138e-05
-0.163978, -0.640272, -0.192546, 1.81383, -0.0524743, 0.431669, 1.87138e-05
-0.163978, -0.640272, -0.192546, 1.81383, -0.0524743, 0.431669, 1.87138e-05
-0.163978, -0.640272, -0.192546, 1.81383, -0.0524743, 0.431669, 1.87138e-05
-0.163978, -0.640272, -0.192546, 1.81383, -0.0524743, 0.431669, 1.87138e-05
-0.163978, -0.640272, -0.192546, 1.81383, -0.0524743, 0.431669, 1.87138e-05
-0.163978, -0.640272, -0.192546, 1.81383, -0.0524743, 0.431669, 1.87138e-05
-0.163978, -0.640272, -0.192546, 1.81383, -0.0524743, 0.431669, 1.87138e-05
-0.163978, -0.640272, -0.192546, 1.81383, -0.0524743, 0.431669, 1.87138e-05
-0.163978, -0.640272, -0.192546, 1.81383, -0.0524743, 0.431669, 1.87138e-05
-0.163978, -0.640272, -0.192546, 1.81383, -0.0524743, 0.431669, 1.87138e-05
-0.163978, -0.640272, -0.192546, 1.81383, -0.0524743, 0.431669, 1.87138e-05
-0.163978, -0.640272, -0.192546, 1.81383, -0.0524743, 0.431669, 1.87138e-05
-0.163978, -0.640272, -0.192546, 1.81383, -0.0524743, 0.431669, 1.87138e-05
-0.163978, -0.640272, -0.192546, 1.81383, -0.0524743, 0.431669, 1.87138e-05
-0.163978, -0.640272, -0.192546, 1.81383, -0.0524743, 0.431669, 1.87138e-05
-0.163978, -0.640272, -0.192546, 1.81383, -0.0524743, 0.431669, 1.87138e-05
-0.163978, -0.640272, -0.192546, 1.81383, -0.0524743, 0.431669, 1.87138e-05
-0.163978, -0.640272, -0.192546, 1.81383, -0.0524743, 0.431669, 1.87138e-05
-0.163978, -0.640272, -0.192546, 1.81383, -0.0524743, 0.431669, 1.87138e-05
-0.163978, -0.640272, -0.192546, 1.81383, -0.0524743, 0.431669, 1.87138e-05
-0.163978, -0.640272, -0.192546, 1.81383, -0.0524743, 0.431669, 1.87138e-05
-0.163978, -0.640272, -0.192546, 1.81383, -0.0524743, 0.431669, 1.87138e-05
-0.163978, -0.640272, -0.192546, 1.81383, -0.0524743, 0.431669, 1.87138e-05
-0.163978, -0.640272, -0.192546, 1.81383, -0.0524743, 0.431669, 1.87138e-05
-0.163978, -0.640272, -0.192546, 1.81383, -0.0524743, 0.431669, 1.87138e-05
-0.163978, -0.640272, -0.192546, 1.81383, -0.0524743, 0.431669, 1.87138e-05
-0.163978, -0.640272, -0.192546, 1.81383, -0.0524743, 0.431669, 1.87138e-05
-0.163978, -0.640272, -0.192546, 1.81383, -0.0524743, 0.431669, 1.87138e-05
-0.163978, -0.640272, -0.192546, 1.81383, -0.0524743, 0.431669, 1.87138e-05
-0.163978, -0.640272, -0.192546, 1.81383, -0.0524743, 0.431669, 1.87138e-05
-0.163978, -0.640272, -0.192546, 1.81383, -0.0524743, 0.431669, 1.87138e-05
-0.163978, -0.640272, -0.192546, 1.81383, -0.0524743, 0.431669, 1.87138e-05
-0.163978, -0.640272, -0.192546, 1.81383, -0.0524743, 0.431669, 1.87138e-05
-0.163978, -0.640272, -0.192546, 1.81383, -0.0524743, 0.431669, 1.87138e-05
-0.163978, -0.640272, -0.192546, 1.81383, -0.0524743, 0.431669, 1.87138e-05
-0.163978, -0.640272, -0.192546, 1.81383, -0.0524743, 0.431669, 1.87138e-05
-0.163978, -0.640272, -0.192546, 1.81383, -0.0524743, 0.431669, 1.87138e-05
-0.163978, -0.640272, -0.192546, 1.81383, -0.0524743, 0.431669, 1.87138e-05
-0.163978, -0.640272, -0.192546, 1.81383, -0.0524743, 0.431669, 1.87138e-05
-0.163978, -0.640272, -0.192546, 1.81383, -0.0524743, 0.431669, 1.87138e-05
-0.163978, -0.640272, -0.192546, 1.81383, -0.0524743, 0.431669, 1.87138e-05
-0.163978, -0.640272, -0.192546, 1.81383, -0.0524743, 0.431669, 1.87138e-05
-0.163978, -0.640272, -0.192546, 1.81383, -0.0524743, 0.431669, 1.87138e-05
-0.163978, -0.640272, -0.192546, 1.81383, -0.0524743, 0.431669, 1.87138e-05
-0.163978, -0.640272, -0.192546, 1.81383, -0.0524743, 0.431669, 1.87138e-05
-0.163978, -0.640272, -0.192546, 1.81383, -0.0524743, 0.431669, 1.87138e-05
-0.163978, -0.640272, -0.192546, 1.81383, -0.0524743, 0.431669, 1.87138e-05
-0.163978, -0.640272, -0.192546, 1.81383, -0.0524743, 0.431669, 1.87138e-05
-0.163978, -0.640272, -0.192546, 1.81383, -0.0524743, 0.431669, 1.87138e-05
-0.163978, -0.640272, -0.192546, 1.81383, -0.0524743, 0.431669, 1.87138e-05
-0.163978, -0.640272, -0.192546, 1.81383, -0.0524743, 0.431669, 1.87138e-05
-0.162817, -0.640696, -0.191106, 1.81326, -0.0520933, 0.431289, 1.84222e-05
-0.161365, -0.641118, -0.18932, 1.81269, -0.0516192, 0.430903, 1.80997e-05
-0.159909, -0.641324, -0.187561, 1.81243, -0.0511483, 0.43069, 1.8037e-05
-0.158166, -0.641745, -0.185429, 1.81187, -0.0505815, 0.430297, 1.76929e-05
-0.156716, -0.642168, -0.183643, 1.8113, -0.0501086, 0.429912, 1.73642e-05
-0.155266, -0.642591, -0.181857, 1.81074, -0.0496362, 0.429528, 1.70336e-05
-0.153526, -0.643013, -0.179724, 1.81018, -0.0490711, 0.429137, 1.66807e-05
-0.152077, -0.643436, -0.177938, 1.80961, -0.0485997, 0.428753, 1.63457e-05
-0.15063, -0.643859, -0.176151, 1.80905, -0.0481288, 0.42837, 1.60087e-05
-0.148892, -0.644281, -0.174017, 1.80849, -0.0475654, 0.427981, 1.56469e-05
-0.147445, -0.644705, -0.17223, 1.80792, -0.0470954, 0.427599, 1.53055e-05
-0.146, -0.645129, -0.170443, 1.80735, -0.046626, 0.427218, 1.49621e-05
-0.144264, -0.645552, -0.168309, 1.80679, -0.0460643, 0.42683, 1.45914e-05
-0.14282, -0.645976, -0.166522, 1.80623, -0.0455958, 0.42645, 1.42436e-05
-0.141086, -0.646399, -0.164386, 1.80567, -0.0450353, 0.426063, 1.38667e-05
-0.139643, -0.646823, -0.162599, 1.8051, -0.0445677, 0.425684, 1.35144e-05
-0.137911, -0.647246, -0.160463, 1.80454, -0.0440083, 0.425299, 1.31312e-05
-0.136469, -0.647671, -0.158675, 1.80397, -0.0435417, 0.424921, 1.27745e-05
-0.134739, -0.648095, -0.156539, 1.80341, -0.0429835, 0.424537, 1.2385e-05
-0.133298, -0.64852, -0.154751, 1.80284, -0.0425178, 0.42416, 1.20237e-05
-0.131858, -0.648945, -0.152963, 1.80228, -0.0420527, 0.423784, 1.16604e-05
-0.13013, -0.649369, -0.150826, 1.80171, -0.0414961, 0.423402, 1.12617e-05
-0.128692, -0.649795, -0.149037, 1.80115, -0.0410319, 0.423026, 1.08938e-05
-0.126965, -0.650219, -0.146899, 1.80058, -0.0404764, 0.422645, 1.04887e-05
-0.125532, -0.650863, -0.14509, 1.79972, -0.0400109, 0.4221, 9.83698e-06
-0.123808, -0.651288, -0.142951, 1.79916, -0.0394568, 0.42172, 9.42539e-06
-0.122372, -0.651714, -0.141162, 1.79859, -0.0389947, 0.421347, 9.04825e-06
-0.12065, -0.65214, -0.139022, 1.79803, -0.0384416, 0.420969, 8.63017e-06
-0.119216, -0.652566, -0.137233, 1.79746, -0.0379804, 0.420597, 8.24841e-06
-0.117494, -0.652992, -0.135093, 1.7969, -0.0374285, 0.42022, 7.8238e-06
-0.116062, -0.653418, -0.133303, 1.79633, -0.0369682, 0.419849, 7.43739e-06
-0.114342, -0.653844, -0.131163, 1.79577, -0.0364174, 0.419474, 7.00622e-06
-0.112623, -0.65427, -0.129022, 1.7952, -0.0358671, 0.419099, 6.57148e-06
-0.111196, -0.654917, -0.127213, 1.79434, -0.0354063, 0.418559, 5.89786e-06
-0.109479, -0.655343, -0.125072, 1.79378, -0.0348573, 0.418185, 5.45637e-06
-0.10805, -0.655771, -0.123281, 1.79321, -0.0343996, 0.417818, 5.05791e-06
-0.106335, -0.656198, -0.121139, 1.79265, -0.0338516, 0.417445, 4.60975e-06
-0.104907, -0.656626, -0.119347, 1.79208, -0.0333948, 0.417078, 4.20655e-06
-0.103194, -0.657053, -0.117205, 1.79151, -0.0328479, 0.416707, 3.75169e-06
-0.10177, -0.657701, -0.115396, 1.79065, -0.0323903, 0.416172, 3.06329e-06
-0.100059, -0.658129, -0.113252, 1.79009, -0.0318447, 0.415802, 2.60153e-06
-0.0983482, -0.658556, -0.111108, 1.78952, -0.0312997, 0.415433, 2.1361e-06
-0.0969241, -0.658985, -0.109316, 1.78896, -0.0308453, 0.415069, 1.7206e-06
-0.095215, -0.659414, -0.107172, 1.78839, -0.0303014, 0.414701, 1.24835e-06
-0.0937951, -0.660063, -0.105363, 1.78753, -0.0298463, 0.414169, 5.47297e-07
-0.0920881, -0.660491, -0.103218, 1.78697, -0.0293036, 0.413803, 6.80273e-08
-0.0903818, -0.66092, -0.101072, 1.7864, -0.0287615, 0.413437, -4.14967e-07
-0.0889613, -0.66135, -0.0992788, 1.78583, -0.0283095, 0.413076, -8.42957e-07
-0.0872567, -0.66178, -0.0971326, 1.78527, -0.0277684, 0.412712, -1.33287e-06
-0.08584, -0.66243, -0.0953245, 1.78441, -0.0273159, 0.412183, -2.0467e-06
-0.0841375, -0.66286, -0.0931772, 1.78384, -0.0267761, 0.41182, -2.54376e-06
-0.0824357, -0.663289, -0.0910298, 1.78328, -0.0262367, 0.411458, -3.0446e-06
-0.0810187, -0.663721, -0.0892352, 1.78271, -0.0257872, 0.4111, -3.48525e-06
-0.0793211, -0.664371, -0.087074, 1.78185, -0.0252477, 0.410571, -4.32644e-06
-0.0779058, -0.664802, -0.0852788, 1.78129, -0.0247992, 0.410214, -4.77225e-06
-0.0762076, -0.665233, -0.0831297, 1.78072, -0.0242621, 0.409855, -5.28738e-06
-0.0745102, -0.665664, -0.0809804, 1.78016, -0.0237255, 0.409496, -5.80634e-06
-0.0730991, -0.666317, -0.0791726, 1.7793, -0.0232772, 0.408973, -6.54106e-06
-0.0714038, -0.666748, -0.0770222, 1.77873, -0.0227419, 0.408615, -7.06737e-06
-0.0697092, -0.66718, -0.0748716, 1.77817, -0.0222071, 0.408259, -7.59754e-06
-0.0683002, -0.667833, -0.0730638, 1.77731, -0.0217604, 0.407738, -8.3403e-06
-0.0666076, -0.668265, -0.0709122, 1.77675, -0.0212267, 0.407382, -8.8779e-06
-0.0651982, -0.668698, -0.0691151, 1.77618, -0.020782, 0.407031, -9.34463e-06
-0.0635093, -0.669352, -0.0669524, 1.77532, -0.0202486, 0.406509, -1.0224e-05
-0.0618196, -0.669785, -0.0647994, 1.77476, -0.0197167, 0.406156, -1.0773e-05
-0.0604125, -0.670218, -0.0630015, 1.77419, -0.0192735, 0.405806, -1.12478e-05
-0.0587243, -0.670652, -0.060848, 1.77363, -0.0187426, 0.405454, -1.18041e-05
-0.0570388, -0.671306, -0.0586849, 1.77277, -0.0182115, 0.404936, -1.26991e-05
-0.0556339, -0.671741, -0.0568862, 1.7722, -0.0177697, 0.404588, -1.31821e-05
-0.0539486, -0.672175, -0.0547313, 1.77164, -0.0172405, 0.404238, -1.37499e-05
-0.0522656, -0.67283, -0.0525677, 1.77079, -0.0167112, 0.403722, -1.46569e-05
-0.0508631, -0.673266, -0.0507682, 1.77022, -0.0162708, 0.403376, -1.5148e-05
-0.0491805, -0.6737, -0.048612, 1.76965, -0.0157433, 0.403029, -1.57275e-05
-0.0477806, -0.674357, -0.0468044, 1.7688, -0.0153032, 0.402517, -1.65053e-05
-0.0461, -0.674793, -0.0446472, 1.76823, -0.0147769, 0.402171, -1.70926e-05
-0.0444203, -0.675228, -0.0424896, 1.76767, -0.014251, 0.401826, -1.76839e-05
-0.0430224, -0.675886, -0.0406821, 1.76682, -0.0138124, 0.401316, -1.84699e-05
-0.0413447, -0.676322, -0.0385235, 1.76625, -0.0132877, 0.400972, -1.90691e-05
-0.0396677, -0.676759, -0.0363646, 1.76569, -0.0127634, 0.400629, -1.96723e-05
-0.0382719, -0.677417, -0.0345571, 1.76483, -0.0123264, 0.400122, -2.04666e-05
-0.036597, -0.677854, -0.0323972, 1.76427, -0.0118033, 0.39978, -2.10777e-05
-0.0352027, -0.678513, -0.0305895, 1.76342, -0.0113674, 0.399274, -2.18777e-05
-0.0335298, -0.678951, -0.0284285, 1.76285, -0.0108454, 0.398934, -2.24967e-05
-0.0318577, -0.679389, -0.0262672, 1.76229, -0.0103239, 0.398595, -2.31199e-05
-0.0304654, -0.680048, -0.0244595, 1.76144, -0.00988944, 0.398091, -2.39282e-05
-0.0287953, -0.680487, -0.0222971, 1.76087, -0.00936908, 0.397753, -2.45594e-05
-0.0274041, -0.680926, -0.0204933, 1.76031, -0.00893568, 0.397416, -2.50921e-05
-0.0257361, -0.681586, -0.0183267, 1.75946, -0.00841636, 0.396914, -2.60674e-05
-0.0240688, -0.682026, -0.0161629, 1.75889, -0.00789759, 0.396579, -2.67107e-05
-0.0226802, -0.682687, -0.0143552, 1.75804, -0.00746565, 0.396078, -2.75332e-05
-0.0210148, -0.683127, -0.0121903, 1.75748, -0.006948, 0.395744, -2.81847e-05
-0.0196275, -0.683567, -0.0103849, 1.75692, -0.00651692, 0.395411, -2.87318e-05
-0.017964, -0.684229, -0.00821722, 1.75607, -0.00600048, 0.394913, -2.97278e-05
-0.0165783, -0.68467, -0.00641109, 1.7555, -0.00557034, 0.394581, -3.02806e-05
-0.0149166, -0.685111, -0.0042444, 1.75494, -0.00505471, 0.394249, -3.09482e-05
-0.0132557, -0.685774, -0.00207626, 1.75409, -0.00453995, 0.393754, -3.19566e-05
-0.0118722, -0.686216, -0.000269249, 1.75353, -0.00411115, 0.393424, -3.25182e-05
-0.0102132, -0.68688, 0.00189943, 1.75268, -0.00359756, 0.39293, -3.35351e-05
-0.00883137, -0.687321, 0.00370719, 1.75212, -0.00316969, 0.392601, -3.41025e-05
-0.00717443, -0.687764, 0.00587642, 1.75156, -0.0026567, 0.392273, -3.47909e-05
-0.00717443, -0.687764, 0.00587642, 1.75156, -0.0026567, 0.392273, -3.47909e-05
-0.00717443, -0.687764, 0.00587642, 1.75156, -0.0026567, 0.392273, -3.47909e-05
-0.00717443, -0.687764, 0.00587642, 1.75156, -0.0026567, 0.392273, -3.47909e-05
-0.00717443, -0.687764, 0.00587642, 1.75156, -0.0026567, 0.392273, -3.47909e-05
-0.00717443, -0.687764, 0.00587642, 1.75156, -0.0026567, 0.392273, -3.47909e-05
-0.00717443, -0.687764, 0.00587642, 1.75156, -0.0026567, 0.392273, -3.47909e-05
-0.00717443, -0.687764, 0.00587642, 1.75156, -0.0026567, 0.392273, -3.47909e-05
-0.00717443, -0.687764, 0.00587642, 1.75156, -0.0026567, 0.392273, -3.47909e-05
-0.00717443, -0.687764, 0.00587642, 1.75156, -0.0026567, 0.392273, -3.47909e-05
-0.00717443, -0.687764, 0.00587642, 1.75156, -0.0026567, 0.392273, -3.47909e-05
-0.00717443, -0.687764, 0.00587642, 1.75156, -0.0026567, 0.392273, -3.47909e-05
-0.00717443, -0.687764, 0.00587642, 1.75156, -0.0026567, 0.392273, -3.47909e-05
-0.00717443, -0.687764, 0.00587642, 1.75156, -0.0026567, 0.392273, -3.47909e-05
-0.00717443, -0.687764, 0.00587642, 1.75156, -0.0026567, 0.392273, -3.47909e-05
-0.00717443, -0.687764, 0.00587642, 1.75156, -0.0026567, 0.392273, -3.47909e-05
-0.00717443, -0.687764, 0.00587642, 1.75156, -0.0026567, 0.392273, -3.47909e-05
-0.00717443, -0.687764, 0.00587642, 1.75156, -0.0026567, 0.392273, -3.47909e-05
-0.00717443, -0.687764, 0.00587642, 1.75156, -0.0026567, 0.392273, -3.47909e-05
-0.00717443, -0.687764, 0.00587642, 1.75156, -0.0026567, 0.392273, -3.47909e-05
-0.00717443, -0.687764, 0.00587642, 1.75156, -0.0026567, 0.392273, -3.47909e-05
-0.00717443, -0.687764, 0.00587642, 1.75156, -0.0026567, 0.392273, -3.47909e-05
-0.00717443, -0.687764, 0.00587642, 1.75156, -0.0026567, 0.392273, -3.47909e-05
-0.00717443, -0.687764, 0.00587642, 1.75156, -0.0026567, 0.392273, -3.47909e-05
-0.00717443, -0.687764, 0.00587642, 1.75156, -0.0026567, 0.392273, -3.47909e-05
-0.00717443, -0.687764, 0.00587642, 1.75156, -0.0026567, 0.392273, -3.47909e-05
-0.00717443, -0.687764, 0.00587642, 1.75156, -0.0026567, 0.392273, -3.47909e-05
-0.00717443, -0.687764, 0.00587642, 1.75156, -0.0026567, 0.392273, -3.47909e-05
-0.00717443, -0.687764, 0.00587642, 1.75156, -0.0026567, 0.392273, -3.47909e-05
-0.00717443, -0.687764, 0.00587642, 1.75156, -0.0026567, 0.392273, -3.47909e-05
-0.00717443, -0.687764, 0.00587642, 1.75156, -0.0026567, 0.392273, -3.47909e-05
-0.00717443, -0.687764, 0.00587642, 1.75156, -0.0026567, 0.392273, -3.47909e-05
-0.00717443, -0.687764, 0.00587642, 1.75156, -0.0026567, 0.392273, -3.47909e-05
-0.00717443, -0.687764, 0.00587642, 1.75156, -0.0026567, 0.392273, -3.47909e-05
-0.00717443, -0.687764, 0.00587642, 1.75156, -0.0026567, 0.392273, -3.47909e-05
-0.00717443, -0.687764, 0.00587642, 1.75156, -0.0026567, 0.392273, -3.47909e-05
-0.00717443, -0.687764, 0.00587642, 1.75156, -0.0026567, 0.392273, -3.47909e-05
-0.00717443, -0.687764, 0.00587642, 1.75156, -0.0026567, 0.392273, -3.47909e-05
-0.00717443, -0.687764, 0.00587642, 1.75156, -0.0026567, 0.392273, -3.47909e-05
-0.00717443, -0.687764, 0.00587642, 1.75156, -0.0026567, 0.392273, -3.47909e-05
-0.00717443, -0.687764, 0.00587642, 1.75156, -0.0026567, 0.392273, -3.47909e-05
-0.00717443, -0.687764, 0.00587642, 1.75156, -0.0026567, 0.392273, -3.47909e-05
-0.00717443, -0.687764, 0.00587642, 1.75156, -0.0026567, 0.392273, -3.47909e-05
-0.00717443, -0.687764, 0.00587642, 1.75156, -0.0026567, 0.392273, -3.47909e-05
-0.00717443, -0.687764, 0.00587642, 1.75156, -0.0026567, 0.392273, -3.47909e-05
-0.00717443, -0.687764, 0.00587642, 1.75156, -0.0026567, 0.392273, -3.47909e-05
-0.00717443, -0.687764, 0.00587642, 1.75156, -0.0026567, 0.392273, -3.47909e-05
-0.00717443, -0.687764, 0.00587642, 1.75156, -0.0026567, 0.392273, -3.47909e-05
-0.00717443, -0.687764, 0.00587642, 1.75156, -0.0026567, 0.392273, -3.47909e-05
-0.00717443, -0.687764, 0.00587642, 1.75156, -0.0026567, 0.392273, -3.47909e-05
-0.00717443, -0.687764, 0.00587642, 1.75156, -0.0026567, 0.392273, -3.47909e-05
-0.00717443, -0.687764, 0.00587642, 1.75156, -0.0026567, 0.392273, -3.47909e-05
-0.00717443, -0.687764, 0.00587642, 1.75156, -0.0026567, 0.392273, -3.47909e-05
-0.00717443, -0.687764, 0.00587642, 1.75156, -0.0026567, 0.392273, -3.47909e-05
-0.00717443, -0.687764, 0.00587642, 1.75156, -0.0026567, 0.392273, -3.47909e-05
-0.00717443, -0.687764, 0.00587642, 1.75156, -0.0026567, 0.392273, -3.47909e-05
-0.00717443, -0.687764, 0.00587642, 1.75156, -0.0026567, 0.392273, -3.47909e-05
-0.00717443, -0.687764, 0.00587642, 1.75156, -0.0026567, 0.392273, -3.47909e-05
-0.00717443, -0.687764, 0.00587642, 1.75156, -0.0026567, 0.392273, -3.47909e-05
-0.00717443, -0.687764, 0.00587642, 1.75156, -0.0026567, 0.392273, -3.47909e-05
-0.00717443, -0.687764, 0.00587642, 1.75156, -0.0026567, 0.392273, -3.47909e-05
-0.00717443, -0.687764, 0.00587642, 1.75156, -0.0026567, 0.392273, -3.47909e-05
-0.00717443, -0.687764, 0.00587642, 1.75156, -0.0026567, 0.392273, -3.47909e-05
-0.00717443, -0.687764, 0.00587642, 1.75156, -0.0026567, 0.392273, -3.47909e-05
-0.00717443, -0.687764, 0.00587642, 1.75156, -0.0026567, 0.392273, -3.47909e-05
-0.00717443, -0.687764, 0.00587642, 1.75156, -0.0026567, 0.392273, -3.47909e-05
-0.00717443, -0.687764, 0.00587642, 1.75156, -0.0026567, 0.392273, -3.47909e-05
-0.00717443, -0.687764, 0.00587642, 1.75156, -0.0026567, 0.392273, -3.47909e-05
-0.00717443, -0.687764, 0.00587642, 1.75156, -0.0026567, 0.392273, -3.47909e-05
-0.00717443, -0.687764, 0.00587642, 1.75156, -0.0026567, 0.392273, -3.47909e-05
-0.00717443, -0.687764, 0.00587642, 1.75156, -0.0026567, 0.392273, -3.47909e-05
-0.00717443, -0.687764, 0.00587642, 1.75156, -0.0026567, 0.392273, -3.47909e-05
-0.00717443, -0.687764, 0.00587642, 1.75156, -0.0026567, 0.392273, -3.47909e-05
-0.00717443, -0.687764, 0.00587642, 1.75156, -0.0026567, 0.392273, -3.47909e-05
-0.00717443, -0.687764, 0.00587642, 1.75156, -0.0026567, 0.392273, -3.47909e-05
-0.00717443, -0.687764, 0.00587642, 1.75156, -0.0026567, 0.392273, -3.47909e-05
-0.00717443, -0.687764, 0.00587642, 1.75156, -0.0026567, 0.392273, -3.47909e-05
-0.00717443, -0.687764, 0.00587642, 1.75156, -0.0026567, 0.392273, -3.47909e-05
-0.00717443, -0.687764, 0.00587642, 1.75156, -0.0026567, 0.392273, -3.47909e-05
-0.00717443, -0.687764, 0.00587642, 1.75156, -0.0026567, 0.392273, -3.47909e-05
-0.00717443, -0.687764, 0.00587642, 1.75156, -0.0026567, 0.392273, -3.47909e-05
-0.00717443, -0.687764, 0.00587642, 1.75156, -0.0026567, 0.392273, -3.47909e-05
-0.00717443, -0.687764, 0.00587642, 1.75156, -0.0026567, 0.392273, -3.47909e-05
-0.00717443, -0.687764, 0.00587642, 1.75156, -0.0026567, 0.392273, -3.47909e-05
-0.00717443, -0.687764, 0.00587642, 1.75156, -0.0026567, 0.392273, -3.47909e-05
-0.00717443, -0.687764, 0.00587642, 1.75156, -0.0026567, 0.392273, -3.47909e-05
-0.00717443, -0.687764, 0.00587642, 1.75156, -0.0026567, 0.392273, -3.47909e-05
-0.00717443, -0.687764, 0.00587642, 1.75156, -0.0026567, 0.392273, -3.47909e-05
-0.00717443, -0.687764, 0.00587642, 1.75156, -0.0026567, 0.392273, -3.47909e-05
-0.00717443, -0.687764, 0.00587642, 1.75156, -0.0026567, 0.392273, -3.47909e-05
-0.00717443, -0.687764, 0.00587642, 1.75156, -0.0026567, 0.392273, -3.47909e-05
-0.00717443, -0.687764, 0.00587642, 1.75156, -0.0026567, 0.392273, -3.47909e-05
-0.00717443, -0.687764, 0.00587642, 1.75156, -0.0026567, 0.392273, -3.47909e-05
-0.00717443, -0.687764, 0.00587642, 1.75156, -0.0026567, 0.392273, -3.47909e-05
-0.00717443, -0.687764, 0.00587642, 1.75156, -0.0026567, 0.392273, -3.47909e-05
-0.00717443, -0.687764, 0.00587642, 1.75156, -0.0026567, 0.392273, -3.47909e-05
-0.00717443, -0.687764, 0.00587642, 1.75156, -0.0026567, 0.392273, -3.47909e-05
-0.00717443, -0.687764, 0.00587642, 1.75156, -0.0026567, 0.392273, -3.47909e-05
-0.00717443, -0.687764, 0.00587642, 1.75156, -0.0026567, 0.392273, -3.47909e-05
-0.00717443, -0.687764, 0.00587642, 1.75156, -0.0026567, 0.392273, -3.47909e-05
-0.00717443, -0.687764, 0.00587642, 1.75156, -0.0026567, 0.392273, -3.47909e-05
-0.00827812, -0.687771, 0.00442963, 1.75155, -0.00299921, 0.392274, -3.4789e-05
-0.00993362, -0.687783, 0.00225949, 1.75155, -0.00351296, 0.392276, -3.47775e-05
-0.0113132, -0.687793, 0.000451022, 1.75154, -0.00394109, 0.392277, -3.47685e-05
-0.0129687, -0.687806, -0.00171911, 1.75153, -0.00445483, 0.392281, -3.47501e-05
-0.0146242, -0.687819, -0.00388925, 1.75153, -0.00496858, 0.392284, -3.47278e-05
-0.0160037, -0.68783, -0.00569771, 1.75152, -0.00539671, 0.392288, -3.47113e-05
-0.0176592, -0.687843, -0.00786784, 1.75151, -0.00591045, 0.392293, -3.4682e-05
-0.0190387, -0.687854, -0.00967629, 1.75151, -0.00633857, 0.392297, -3.46606e-05
-0.0206942, -0.687868, -0.0118464, 1.7515, -0.00685231, 0.392304, -3.46244e-05
-0.0220737, -0.68788, -0.0136549, 1.7515, -0.00728044, 0.392309, -3.45981e-05
-0.0237291, -0.687894, -0.0158249, 1.75149, -0.00779418, 0.392317, -3.45549e-05
-0.0251086, -0.687906, -0.0176334, 1.75148, -0.00822231, 0.392323, -3.45238e-05
-0.026764, -0.687921, -0.0198035, 1.75148, -0.00873606, 0.392332, -3.44736e-05
-0.0281435, -0.687933, -0.0216119, 1.75147, -0.00916419, 0.392339, -3.44376e-05
-0.0297989, -0.687949, -0.0237819, 1.75146, -0.00967794, 0.392349, -3.43804e-05
-0.0311783, -0.687961, -0.0255903, 1.75146, -0.0101061, 0.392358, -3.43396e-05
-0.0328337, -0.687978, -0.0277603, 1.75145, -0.0106198, 0.392369, -3.42754e-05
-0.034489, -0.687994, -0.0299303, 1.75144, -0.0111336, 0.392381, -3.42074e-05
-0.0358685, -0.688007, -0.0317387, 1.75144, -0.0115617, 0.392391, -3.41591e-05
-0.0375238, -0.688024, -0.0339087, 1.75143, -0.0120755, 0.392404, -3.40841e-05
-0.0389032, -0.688038, -0.035717, 1.75142, -0.0125037, 0.392415, -3.40309e-05
-0.0405584, -0.688055, -0.0378869, 1.75142, -0.0130174, 0.392429, -3.39489e-05
-0.0419378, -0.688069, -0.0396952, 1.75141, -0.0134456, 0.392441, -3.3891e-05
-0.0435931, -0.688087, -0.0418651, 1.7514, -0.0139594, 0.392456, -3.3802e-05
-0.0449725, -0.688102, -0.0436734, 1.7514, -0.0143876, 0.39247, -3.37392e-05
-0.0466277, -0.68812, -0.0458432, 1.75139, -0.0149014, 0.392486, -3.36432e-05
-0.048007, -0.688135, -0.0476514, 1.75138, -0.0153296, 0.3925, -3.35755e-05
-0.0496622, -0.688154, -0.0498212, 1.75138, -0.0158434, 0.392518, -3.34726e-05
-0.0510415, -0.688169, -0.0516294, 1.75137, -0.0162716, 0.392533, -3.34001e-05
-0.0526967, -0.688189, -0.0537991, 1.75136, -0.0167855, 0.392552, -3.32902e-05
-0.054076, -0.688204, -0.0556072, 1.75136, -0.0172137, 0.392569, -3.32128e-05
-0.0557311, -0.688224, -0.0577769, 1.75135, -0.0177275, 0.392589, -3.3096e-05
-0.0571108, -0.688462, -0.0595743, 1.75106, -0.0181541, 0.392441, -3.27374e-05
-0.0587654, -0.688483, -0.0617443, 1.75105, -0.0186678, 0.392462, -3.26135e-05
-0.0601443, -0.688499, -0.0635527, 1.75104, -0.0190959, 0.39248, -3.25264e-05
-0.0617989, -0.68852, -0.0657227, 1.75104, -0.0196096, 0.392503, -3.23955e-05
-0.0631777, -0.688537, -0.0675311, 1.75103, -0.0200378, 0.392522, -3.23036e-05
-0.0645565, -0.688554, -0.0693394, 1.75102, -0.0204659, 0.392542, -3.22095e-05
-0.0662111, -0.688576, -0.0715093, 1.75102, -0.0209797, 0.392566, -3.20685e-05
-0.0675899, -0.688594, -0.0733176, 1.75101, -0.0214078, 0.392587, -3.19695e-05
-0.0692444, -0.688616, -0.0754874, 1.751, -0.0219216, 0.392613, -3.18215e-05
-0.0706231, -0.688634, -0.0772956, 1.75099, -0.0223498, 0.392635, -3.17177e-05
-0.0722776, -0.688657, -0.0794653, 1.75099, -0.0228636, 0.392661, -3.15628e-05
-0.0736563, -0.688675, -0.0812735, 1.75098, -0.0232918, 0.392684, -3.14542e-05
-0.075035, -0.688694, -0.0830816, 1.75097, -0.02372, 0.392707, -3.13434e-05
-0.0766894, -0.688717, -0.0852512, 1.75097, -0.0242339, 0.392736, -3.11783e-05
-0.0780681, -0.688736, -0.0870592, 1.75096, -0.0246621, 0.39276, -3.10627e-05
-0.0797238, -0.688982, -0.0892135, 1.75067, -0.0251737, 0.392624, -3.0562e-05
-0.0811021, -0.689001, -0.0910218, 1.75066, -0.0256018, 0.392649, -3.04415e-05
-0.0824803, -0.689021, -0.0928301, 1.75065, -0.02603, 0.392675, -3.03188e-05
-0.0841341, -0.689046, -0.0949999, 1.75064, -0.0265437, 0.392707, -3.01366e-05
-0.0855124, -0.689066, -0.0968082, 1.75064, -0.0269719, 0.392733, -3.0009e-05
-0.0871662, -0.689091, -0.0989779, 1.75063, -0.0274856, 0.392766, -2.98199e-05
-0.0885443, -0.689112, -0.100786, 1.75062, -0.0279139, 0.392794, -2.96875e-05
-0.0899225, -0.689132, -0.102594, 1.75061, -0.0283421, 0.392822, -2.9553e-05
-0.0915762, -0.689158, -0.104764, 1.75061, -0.0288559, 0.392857, -2.93538e-05
-0.0929543, -0.689179, -0.106572, 1.7506, -0.0292842, 0.392886, -2.92144e-05
-0.0943324, -0.689201, -0.10838, 1.75059, -0.0297124, 0.392915, -2.90729e-05
-0.0959882, -0.689449, -0.110531, 1.7503, -0.0302236, 0.392786, -2.85379e-05
-0.0973659, -0.68947, -0.112339, 1.75029, -0.0306517, 0.392816, -2.83914e-05
-0.0987436, -0.689492, -0.114147, 1.75028, -0.0310799, 0.392847, -2.82428e-05
-0.100397, -0.68952, -0.116317, 1.75027, -0.0315937, 0.392886, -2.80233e-05
-0.101774, -0.689542, -0.118125, 1.75027, -0.0320219, 0.392918, -2.78699e-05
-0.103152, -0.689565, -0.119933, 1.75026, -0.0324501, 0.39295, -2.77143e-05
-0.10453, -0.689588, -0.121741, 1.75025, -0.0328784, 0.392983, -2.75565e-05
-0.106183, -0.689616, -0.12391, 1.75024, -0.0333922, 0.393024, -2.73238e-05
-0.10756, -0.689639, -0.125718, 1.75024, -0.0338205, 0.393058, -2.71612e-05
-0.108941, -0.689884, -0.127505, 1.74994, -0.0342458, 0.392926, -2.67282e-05
-0.110318, -0.689907, -0.129313, 1.74994, -0.034674, 0.392961, -2.65612e-05
-0.11197, -0.689937, -0.131483, 1.74993, -0.0351878, 0.393003, -2.63152e-05
-0.113347, -0.689961, -0.133291, 1.74992, -0.035616, 0.393039, -2.61433e-05
-0.114724, -0.689985, -0.135099, 1.74991, -0.0360442, 0.393076, -2.59693e-05
-0.116101, -0.69001, -0.136907, 1.74991, -0.0364724, 0.393113, -2.57931e-05
-0.117478, -0.690034, -0.138715, 1.7499, -0.0369007, 0.39315, -2.56147e-05
-0.119134, -0.690286, -0.140861, 1.7496, -0.0374113, 0.393029, -2.50317e-05
-0.12051, -0.690311, -0.14267, 1.74959, -0.0378395, 0.393067, -2.48484e-05
-0.121887, -0.690336, -0.144478, 1.74959, -0.0382676, 0.393106, -2.46629e-05
-0.123264, -0.690362, -0.146286, 1.74958, -0.0386958, 0.393145, -2.44753e-05
-0.12464, -0.690388, -0.148094, 1.74957, -0.0391241, 0.393185, -2.42856e-05
-0.126292, -0.69042, -0.150263, 1.74956, -0.0396379, 0.393233, -2.40069e-05
-0.127668, -0.690446, -0.152071, 1.74955, -0.0400662, 0.393274, -2.38123e-05
-0.129049, -0.690693, -0.153854, 1.74926, -0.040491, 0.393148, -2.33514e-05
-0.130425, -0.690719, -0.155662, 1.74925, -0.0409192, 0.39319, -2.31524e-05
-0.131801, -0.690746, -0.15747, 1.74924, -0.0413474, 0.393232, -2.29512e-05
-0.133177, -0.690773, -0.159278, 1.74924, -0.0417756, 0.393274, -2.27479e-05
-0.134553, -0.6908, -0.161086, 1.74923, -0.0422038, 0.393317, -2.25424e-05
-0.135929, -0.690827, -0.162894, 1.74922, -0.0426321, 0.393361, -2.23347e-05
-0.137309, -0.691075, -0.164675, 1.74893, -0.0430567, 0.393238, -2.18625e-05
-0.138684, -0.691103, -0.166484, 1.74892, -0.0434849, 0.393282, -2.16504e-05
-0.14006, -0.691131, -0.168292, 1.74891, -0.0439131, 0.393327, -2.14361e-05
-0.141435, -0.691159, -0.1701, 1.7489, -0.0443413, 0.393372, -2.12196e-05
-0.142811, -0.691188, -0.171908, 1.74889, -0.0447695, 0.393418, -2.10011e-05
-0.144461, -0.691223, -0.174077, 1.74888, -0.0452833, 0.393473, -2.06809e-05
-0.145842, -0.691472, -0.175857, 1.74859, -0.0457077, 0.393353, -2.01971e-05
-0.147217, -0.691501, -0.177665, 1.74858, -0.0461359, 0.3934, -1.99715e-05
-0.148591, -0.69153, -0.179473, 1.74857, -0.0465641, 0.393448, -1.97437e-05
-0.149966, -0.69156, -0.181281, 1.74856, -0.0469923, 0.393496, -1.95137e-05
-0.151341, -0.691589, -0.183089, 1.74856, -0.0474206, 0.393544, -1.92817e-05
-0.152447, -0.691832, -0.184506, 1.74826, -0.0477593, 0.393416, -1.89273e-05
-0.153821, -0.691863, -0.186314, 1.74825, -0.0481874, 0.393465, -1.86912e-05
